Ticker,Name,Sector,Weight
AMC,AMC ENTERTAINMENT HOLDINGS INC CLA,Communication,0.44
CAR,AVIS BUDGET GROUP INC,Industrials,0.38
LSCC,LATTICE SEMICONDUCTOR CORP,Information Technology,0.36
SYNA,SYNAPTICS INC,Information Technology,0.34
CROX,CROCS INC,Consumer Discretionary,0.32
BJ,BJS WHOLESALE CLUB HOLDINGS INC,Consumer Staples,0.32
TTEK,TETRA TECH INC,Industrials,0.31
SLAB,SILICON LABORATORIES INC,Information Technology,0.31
SAIA,SAIA INC,Industrials,0.3
EGP,EASTGROUP PROPERTIES REIT INC,Real Estate,0.3
NTLA,INTELLIA THERAPEUTICS INC,Health Care,0.29
OVV,OVINTIV INC,Energy,0.29
THC,TENET HEALTHCARE CORP,Health Care,0.29
WSC,WILLSCOT MOBILE MINI HOLDINGS CORP,Industrials,0.29
OMCL,OMNICELL INC,Health Care,0.26
STAG,STAG INDUSTRIAL REIT INC,Real Estate,0.26
IIVI,II VI INC,Information Technology,0.26
AMBA,AMBARELLA INC,Information Technology,0.25
XTSLA,BLK CSH FND TREASURY SL AGENCY,Cash and/or Derivatives,0.25
ARWR,ARROWHEAD PHARMACEUTICALS INC,Health Care,0.25
FOXF,FOX FACTORY HOLDING CORP,Consumer Discretionary,0.25
M,MACYS INC,Consumer Discretionary,0.24
RPD,RAPID7 INC,Information Technology,0.23
FFIN,FIRST FINANCIAL BANKSHARES INC,Financials,0.23
PFGC,PERFORMANCE FOOD GROUP,Consumer Staples,0.23
EME,EMCOR GROUP INC,Industrials,0.23
KBR,KBR INC,Industrials,0.23
ASGN,ASGN INC,Industrials,0.22
CHK,CHESAPEAKE ENERGY CORP,Energy,0.22
BHVN,BIOHAVEN PHARMACEUTICAL HOLDING CO,Health Care,0.22
GBCI,GLACIER BANCORP INC,Financials,0.22
EXPO,EXPONENT INC,Industrials,0.22
BPMC,BLUEPRINT MEDICINES CORP,Health Care,0.21
MEDP,MEDPACE HOLDINGS INC,Health Care,0.21
SWAV,SHOCKWAVE MEDICAL INC,Health Care,0.21
NOVT,NOVANTA INC,Information Technology,0.21
GTLS,CHART INDUSTRIES INC,Industrials,0.21
HELE,HELEN OF TROY LTD,Consumer Discretionary,0.21
TXRH,TEXAS ROADHOUSE INC,Consumer Discretionary,0.2
INSP,INSPIRE MEDICAL SYSTEMS INC,Health Care,0.2
IIPR,INNOVATIVE INDUSTRIAL PROPERTIES I,Real Estate,0.2
WK,WORKIVA INC CLASS A,Information Technology,0.2
SGMS,SCIENTIFIC GAMES CORP,Consumer Discretionary,0.2
ARNA,ARENA PHARMACEUTICALS INC,Health Care,0.2
SMTC,SEMTECH CORP,Information Technology,0.2
CCMP,CMC MATERIALS INC,Information Technology,0.2
ROLL,RBC BEARINGS INC,Industrials,0.2
GT,GOODYEAR TIRE & RUBBER,Consumer Discretionary,0.2
SSD,SIMPSON MANUFACTURING INC,Industrials,0.2
TRNO,TERRENO REALTY REIT CORP,Real Estate,0.19
SSB,SOUTHSTATE CORP,Financials,0.19
WCC,WESCO INTERNATIONAL INC,Industrials,0.19
VLY,VALLEY NATIONAL,Financials,0.19
BCPC,BALCHEM CORP,Materials,0.19
POWI,POWER INTEGRATIONS INC,Information Technology,0.19
AMN,AMN HEALTHCARE INC,Health Care,0.19
BL,BLACKLINE INC,Information Technology,0.19
AQUA,EVOQUA WATER TECHNOLOGIES CORP,Industrials,0.19
VRNS,VARONIS SYSTEMS INC,Information Technology,0.18
UFPI,UFP INDUSTRIES INC,Industrials,0.18
MXL,MAXLINEAR INC,Information Technology,0.18
NSA,NATIONAL STORAGE AFFILIATES TRUST,Real Estate,0.18
HLI,HOULIHAN LOKEY INC CLASS A,Financials,0.18
SPSC,SPS COMMERCE INC,Information Technology,0.18
WTS,WATTS WATER TECHNOLOGIES INC CLASS,Industrials,0.18
HALO,HALOZYME THERAPEUTICS INC,Health Care,0.18
ASAN,ASANA INC CLASS A,Information Technology,0.18
ROG,ROGERS CORP,Information Technology,0.18
ATKR,ATKORE INC,Industrials,0.17
VG,VONAGE HOLDINGS CORP,Information Technology,0.17
SIGI,SELECTIVE INSURANCE GROUP INC,Financials,0.17
JBT,JOHN BEAN TECHNOLOGIES CORP,Industrials,0.17
ESNT,ESSENT GROUP LTD,Financials,0.17
WING,WINGSTOP INC,Consumer Discretionary,0.17
AR,ANTERO RESOURCES CORP,Energy,0.17
AVNT,AVIENT CORP,Materials,0.17
CADE,CADENCE BANK,Financials,0.17
APPS,DIGITAL TURBINE INC,Information Technology,0.17
IRDM,IRIDIUM COMMUNICATIONS INC,Communication,0.17
MIME,MIMECAST LTD,Information Technology,0.17
BXMT,BLACKSTONE MORTGAGE TRUST REIT CLA,Financials,0.17
CIT,CIT GROUP INC,Financials,0.17
PDCE,PDC ENERGY INC,Energy,0.17
ZD,ZIFF DAVIS INC,Communication,0.16
MSTR,MICROSTRATEGY INC CLASS A,Information Technology,0.16
POR,PORTLAND GENERAL ELECTRIC,Utilities,0.16
TENB,TENABLE HOLDINGS INC,Information Technology,0.16
KNSL,KINSALE CAPITAL GROUP INC,Financials,0.16
TRUP,TRUPANION INC,Financials,0.16
ONTO,ONTO INNOVATION INC,Information Technology,0.16
MMS,MAXIMUS INC,Information Technology,0.16
SUM,SUMMIT MATERIALS INC CLASS A,Materials,0.16
MUSA,MURPHY USA INC,Consumer Discretionary,0.16
APG,API GROUP CORP,Industrials,0.16
NEOG,NEOGEN CORP,Health Care,0.16
HR,HEALTHCARE REALTY TRUST REIT INC,Real Estate,0.16
UMBF,UMB FINANCIAL CORP,Financials,0.16
UBSI,UNITED BANKSHARES INC,Financials,0.16
DIOD,DIODES INC,Information Technology,0.16
QLYS,QUALYS INC,Information Technology,0.16
RLI,RLI CORP,Financials,0.16
ADC,AGREE REALTY REIT CORP,Real Estate,0.16
KRG,KITE REALTY GROUP TRUST REIT,Real Estate,0.16
FATE,FATE THERAPEUTICS INC,Health Care,0.15
SIG,SIGNET JEWELERS LTD,Consumer Discretionary,0.15
MTH,MERITAGE CORP,Consumer Discretionary,0.15
SAIL,SAILPOINT TECHNOLOGIES HOLDINGS IN,Information Technology,0.15
FN,FABRINET,Information Technology,0.15
BKH,BLACK HILLS CORP,Utilities,0.15
EXLS,EXLSERVICE HOLDINGS INC,Information Technology,0.15
RRC,RANGE RESOURCES CORP,Energy,0.15
STAA,STAAR SURGICAL,Health Care,0.15
QTWO,Q2 HOLDINGS INC,Information Technology,0.15
ADNT,ADIENT PLC,Consumer Discretionary,0.15
PZZA,PAPA JOHNS INTERNATIONAL INC,Consumer Discretionary,0.15
LIVN,LIVANOVA PLC,Health Care,0.15
ZWS,ZURN WATER SOLUTIONS CORP,Industrials,0.15
RHP,RYMAN HOSPITALITY PROPERTIES REIT,Real Estate,0.15
SPT,SPROUT SOCIAL INC CLASS A,Information Technology,0.15
PACB,PACIFIC BIOSCIENCES OF CALIFORNIA,Health Care,0.15
HWC,HANCOCK WHITNEY CORP,Financials,0.15
KFY,KORN FERRY,Industrials,0.15
WD,WALKER & DUNLOP INC,Financials,0.15
TWST,TWIST BIOSCIENCE CORP,Health Care,0.15
CHX,CHAMPIONX CORP,Energy,0.15
PRFT,PERFICIENT INC,Information Technology,0.15
FELE,FRANKLIN ELECTRIC INC,Industrials,0.15
LXP,LEXINGTON REALTY TRUST REIT,Real Estate,0.15
TGNA,TEGNA INC,Communication,0.14
TMHC,TAYLOR MORRISON HOME CORP,Consumer Discretionary,0.14
SXT,SENSIENT TECHNOLOGIES CORP,Materials,0.14
LTHM,LIVENT CORP,Materials,0.14
DNLI,DENALI THERAPEUTICS INC,Health Care,0.14
BBIO,BRIDGEBIO PHARMA INC,Health Care,0.14
ENV,ENVESTNET INC,Information Technology,0.14
HASI,HANNON ARMSTRONG SUSTAINABLE INFRA,Financials,0.14
SWX,SOUTHWEST GAS HOLDINGS INC,Utilities,0.14
CWST,CASELLA WASTE SYSTEMS INC CLASS A,Industrials,0.14
HRI,HERC HOLDINGS INC,Industrials,0.14
ENSG,ENSIGN GROUP INC,Health Care,0.14
FUL,HB FULLER,Materials,0.14
SFBS,SERVISFIRST BANCSHARES INC,Financials,0.14
SITM,SITIME CORP,Information Technology,0.14
MTDR,MATADOR RESOURCES,Energy,0.14
RDFN,REDFIN CORP,Real Estate,0.14
HGV,HILTON GRAND VACATIONS INC,Consumer Discretionary,0.14
NSP,INSPERITY INC,Industrials,0.14
SI,SILVERGATE CAPITAL CLASS A CORP,Financials,0.14
DOC,PHYSICIANS REALTY TRUST REIT,Real Estate,0.14
BIPC,BROOKFIELD INFRASTRUCTURE CORP CLA,Utilities,0.14
AIT,APPLIED INDUSTRIAL TECHNOLOGIES IN,Industrials,0.14
BEAM,BEAM THERAPEUTICS INC,Health Care,0.14
PCH,POTLATCHDELTIC CORP,Real Estate,0.14
SKY,SKYLINE CHAMPION CORP,Consumer Discretionary,0.14
LHCG,LHC GROUP INC,Health Care,0.14
CMC,COMMERCIAL METALS,Materials,0.14
ETRN,EQUITRANS MIDSTREAM CORP,Energy,0.14
OPCH,OPTION CARE HEALTH INC,Health Care,0.14
UPWK,UPWORK INC,Industrials,0.14
OGS,ONE GAS INC,Utilities,0.14
MUR,MURPHY OIL CORP,Energy,0.14
EYE,NATIONAL VISION HOLDINGS INC,Consumer Discretionary,0.14
ABG,ASBURY AUTOMOTIVE GROUP INC,Consumer Discretionary,0.14
ACIW,ACI WORLDWIDE INC,Information Technology,0.14
DBRG,DIGITALBRIDGE GROUP INC CLASS A,Real Estate,0.14
CNMD,CONMED CORP,Health Care,0.14
BLKB,BLACKBAUD INC,Information Technology,0.14
PNM,PNM RESOURCES INC,Utilities,0.14
VIAV,VIAVI SOLUTIONS INC,Information Technology,0.14
NJR,NEW JERSEY RESOURCES CORP,Utilities,0.13
SHOO,STEVEN MADDEN LTD,Consumer Discretionary,0.13
DOCN,DIGITALOCEAN HOLDINGS INC,Information Technology,0.13
SAFM,SANDERSON FARMS INC,Consumer Staples,0.13
LCII,LCI INDUSTRIES,Consumer Discretionary,0.13
TNET,TRINET GROUP INCINARY,Industrials,0.13
RDN,RADIAN GROUP INC,Financials,0.13
MC,MOELIS CLASS A,Financials,0.13
BNL,BROADSTONE NET LEASE INC,Real Estate,0.13
DEN,DENBURY INC,Energy,0.13
TRTN,TRITON INTERNATIONAL LTD,Industrials,0.13
HOMB,HOME BANCSHARES INC,Financials,0.13
ALKS,ALKERMES,Health Care,0.13
CALX,CALIX NETWORKS INC,Information Technology,0.13
BOX,BOX INC CLASS A,Information Technology,0.13
MTSI,MACOM TECHNOLOGY SOLUTIONS INC,Information Technology,0.13
AWR,AMERICAN STATES WATER,Utilities,0.13
MARA,MARATHON DIGITAL HOLDINGS INC,Information Technology,0.13
REZI,RESIDEO TECHNOLOGIES INC,Industrials,0.13
KBH,KB HOME,Consumer Discretionary,0.13
FOCS,FOCUS FINANCIAL PARTNERS INC CLASS,Financials,0.13
MAC,MACERICH REIT,Real Estate,0.13
ALRM,ALARM.COM HOLDINGS INC,Information Technology,0.13
CWT,CALIFORNIA WATER SERVICE GROUP,Utilities,0.13
AEO,AMERICAN EAGLE OUTFITTERS INC,Consumer Discretionary,0.13
GATX,GATX CORP,Industrials,0.13
NEO,NEOGENOMICS INC,Health Care,0.13
CIM,CHIMERA INVESTMENT CORP,Financials,0.12
EBC,EASTERN BANKSHARES INC,Financials,0.12
CBU,COMMUNITY BANK SYSTEM INC,Financials,0.12
NAVI,NAVIENT CORP,Financials,0.12
KLIC,KULICKE AND SOFFA INDUSTRIES INC,Information Technology,0.12
SONO,SONOS INC,Consumer Discretionary,0.12
NSIT,INSIGHT ENTERPRISES INC,Information Technology,0.12
FLOW,SPX FLOW INC,Industrials,0.12
INDB,INDEPENDENT BANK CORP,Financials,0.12
ORA,ORMAT TECH INC,Utilities,0.12
HI,HILLENBRAND INC,Industrials,0.12
SM,SM ENERGY,Energy,0.12
MATX,MATSON INC,Industrials,0.12
HLNE,HAMILTON LANE INC CLASS A,Financials,0.12
OUT,OUTFRONT MEDIA INC,Real Estate,0.12
BOOT,BOOT BARN HOLDINGS INC,Consumer Discretionary,0.12
FIX,COMFORT SYSTEMS USA INC,Industrials,0.12
CRC,CALIFORNIA RESOURCES CORP,Energy,0.12
GPI,GROUP AUTOMOTIVE INC,Consumer Discretionary,0.12
CELH,CELSIUS HOLDINGS INC,Consumer Staples,0.12
PSB,PS BUSINESS PARKS REIT INC,Real Estate,0.12
ASB,ASSOCIATED BANCORP,Financials,0.12
FLR,FLUOR CORP,Industrials,0.12
FHI,FEDERATED HERMES INC CLASS B,Financials,0.12
BKU,BANKUNITED INC,Financials,0.12
ALE,ALLETE INC,Utilities,0.12
ARNC,ARCONIC CORP,Materials,0.12
LGIH,LGI HOMES INC,Consumer Discretionary,0.12
ALTR,ALTAIR ENGINEERING INC CLASS A,Information Technology,0.12
ISBC,INVESTORS BANCORP INC,Financials,0.12
AEIS,ADVANCED ENERGY INDUSTRIES INC,Information Technology,0.12
FORM,FORMFACTOR INC,Information Technology,0.12
ASO,ACADEMY SPORTS AND OUTDOORS INC,Consumer Discretionary,0.12
APLE,APPLE HOSPITALITY REIT INC,Real Estate,0.12
HQY,HEALTHEQUITY INC,Health Care,0.12
NVTA,INVITAE CORP,Health Care,0.11
CATY,CATHAY GENERAL BANCORP,Financials,0.11
MLI,MUELLER INDUSTRIES INC,Industrials,0.11
IBP,INSTALLED BUILDING PRODUCTS INC,Consumer Discretionary,0.11
AAON,AAON INC,Industrials,0.11
SEM,SELECT MEDICAL HOLDINGS CORP,Health Care,0.11
VRNT,VERINT SYSTEMS INC,Information Technology,0.11
ENS,ENERSYS,Industrials,0.11
ABCB,AMERIS BANCORP,Financials,0.11
SR,SPIRE INC,Utilities,0.11
WDFC,WD-40,Consumer Staples,0.11
AJRD,AEROJET ROCKETDYNE HOLDINGS INC,Industrials,0.11
SMPL,THE SIMPLY GOOD FOODS COMPANY,Consumer Staples,0.11
EPRT,ESSENTIAL PROPERTIES REALTY TRUST,Real Estate,0.11
INSM,INSMED INC,Health Care,0.11
SFM,SPROUTS FARMERS MARKET INC,Consumer Staples,0.11
CCOI,COGENT COMMUNICATIONS HOLDINGS INC,Communication,0.11
DAN,DANA INCORPORATED INC,Consumer Discretionary,0.11
PPBI,PACIFIC PREMIER BANCORP INC,Financials,0.11
SFNC,SIMMONS FIRST NATIONAL CORP CLASS,Financials,0.11
SWN,SOUTHWESTERN ENERGY,Energy,0.11
AIMC,ALTRA INDUSTRIAL MOTION CORP,Industrials,0.11
MMSI,MERIT MEDICAL SYSTEMS INC,Health Care,0.11
HLIO,HELIOS TECHNOLOGIES INC,Industrials,0.11
KWR,QUAKER HOUGHTON CORP,Materials,0.11
SEAS,SEAWORLD ENTERTAINMENT INC,Consumer Discretionary,0.11
CBT,CABOT CORP,Materials,0.11
FWRD,FORWARD AIR CORP,Industrials,0.11
UNF,UNIFIRST CORP,Industrials,0.11
APLS,APELLIS PHARMACEUTICALS INC,Health Care,0.11
RCII,RENT-A-CENTER INC,Consumer Discretionary,0.11
BMI,BADGER METER INC,Information Technology,0.11
AX,AXOS FINANCIAL INC,Financials,0.11
CNO,CNO FINANCIAL GROUP INC,Financials,0.11
CARG,CARGURUS INC CLASS A,Communication,0.11
MDC,MDC HOLDINGS INC,Consumer Discretionary,0.11
RAMP,LIVERAMP HOLDINGS INC,Information Technology,0.11
ATRC,ATRICURE INC,Health Care,0.11
ELY,CALLAWAY GOLF,Consumer Discretionary,0.11
RMBS,RAMBUS INC,Information Technology,0.11
MP,MP MATERIALS CORP CLASS A,Materials,0.11
TCBI,TEXAS CAPITAL BANCSHARES INC,Financials,0.11
VIR,VIR BIOTECHNOLOGY INC,Health Care,0.11
CVLT,COMMVAULT SYSTEMS INC,Information Technology,0.11
PGNY,PROGYNY INC,Health Care,0.11
OFC,CORPORATE OFFICE PROPERTIES TRUST,Real Estate,0.11
AEL,AMERICAN EQUITY INVESTMENT LIFE HO,Financials,0.11
PIPR,PIPER SANDLER COMPANIES,Financials,0.11
WBT,WELBILT INC,Industrials,0.11
ESGR,ENSTAR GROUP LTD,Financials,0.11
TPH,TRI POINTE HOMES INC,Consumer Discretionary,0.11
BE,BLOOM ENERGY CLASS A CORP,Industrials,0.11
CYTK,CYTOKINETICS INC,Health Care,0.11
EQC,EQUITY COMMONWEALTH REIT,Real Estate,0.11
CNX,CNX RESOURCES CORP,Energy,0.1
ARVN,ARVINAS INC,Health Care,0.1
LANC,LANCASTER COLONY CORP,Consumer Staples,0.1
BECN,BEACON ROOFING SUPPLY INC,Industrials,0.1
PRG,PROG HOLDINGS INC,Financials,0.1
VC,VISTEON CORP,Consumer Discretionary,0.1
TEX,TEREX CORP,Industrials,0.1
WERN,WERNER ENTERPRISES INC,Industrials,0.1
ITRI,ITRON INC,Information Technology,0.1
KMT,KENNAMETAL INC,Industrials,0.1
RRR,RED ROCK RESORTS ORS CLASS A INC,Consumer Discretionary,0.1
PBH,PRESTIGE CONSUMER HEALTHCARE INC,Health Care,0.1
CBRL,CRACKER BARREL OLD COUNTRY STORE I,Consumer Discretionary,0.1
TBK,TRIUMPH BANCORP INC,Financials,0.1
BCO,BRINKS,Industrials,0.1
NWE,NORTHWESTERN CORP,Utilities,0.1
SBRA,SABRA HEALTH CARE REIT INC,Real Estate,0.1
OMI,OWENS & MINOR INC,Health Care,0.1
ALLK,ALLAKOS INC,Health Care,0.1
FSR,FISKER INC CLASS A,Consumer Discretionary,0.1
ACAD,ACADIA PHARMACEUTICALS INC,Health Care,0.1
OSTK,OVERSTOCK COM INC,Consumer Discretionary,0.1
DORM,DORMAN PRODUCTS INC,Consumer Discretionary,0.1
AVA,AVISTA CORP,Utilities,0.1
EVTC,EVERTEC INC,Information Technology,0.1
COOP,MR COOPER GROUP INC,Financials,0.1
OTTR,OTTER TAIL CORP,Utilities,0.1
MGEE,MGE ENERGY INC,Utilities,0.1
MLKN,MILLERKNOLL INC,Industrials,0.1
CWEN,CLEARWAY ENERGY INC CLASS C,Utilities,0.1
VCYT,VERACYTE INC,Health Care,0.1
CVCO,CAVCO INDUSTRIES INC,Consumer Discretionary,0.1
NVRO,NEVRO CORP,Health Care,0.1
RCM,R1 RCM INC,Health Care,0.1
ZNTL,ZENTALIS PHARMACEUTICALS INC,Health Care,0.1
CWK,CUSHMAN AND WAKEFIELD PLC,Real Estate,0.1
UNFI,UNITED NATURAL FOODS INC,Consumer Staples,0.1
AUB,ATLANTIC UNION BANKSHARES CORP,Financials,0.1
IRTC,IRHYTHM TECHNOLOGIES INC,Health Care,0.1
CNNE,CANNAE HOLDINGS INC,Financials,0.1
VSH,VISHAY INTERTECHNOLOGY INC,Information Technology,0.1
ABM,ABM INDUSTRIES INC,Industrials,0.1
CVBF,CVB FINANCIAL CORP,Financials,0.1
HUBG,HUB GROUP INC CLASS A,Industrials,0.1
FOLD,AMICUS THERAPEUTICS INC,Health Care,0.1
PD,PAGERDUTY INC,Information Technology,0.1
NGVT,INGEVITY CORP,Materials,0.1
KOD,KODIAK SCIENCES INC,Health Care,0.1
KTB,KONTOOR BRANDS INC,Consumer Discretionary,0.1
IBTX,INDEPENDENT BANK GROUP INC,Financials,0.1
WIRE,ENCORE WIRE CORP,Industrials,0.1
DOOR,MASONITE INTERNATIONAL CORP,Industrials,0.1
AMEH,APOLLO MEDICAL HOLDINGS INC,Health Care,0.1
ITGR,INTEGER HOLDINGS CORP,Health Care,0.1
APPN,APPIAN CORP CLASS A,Information Technology,0.1
LOB,LIVE OAK BANCSHARES INC,Financials,0.09
ARCB,ARCBEST CORP,Industrials,0.09
APAM,ARTISAN PARTNERS ASSET MANAGEMENT,Financials,0.09
ALGT,ALLEGIANT TRAVEL,Industrials,0.09
BDC,BELDEN INC,Information Technology,0.09
NARI,INARI MEDICAL INC,Health Care,0.09
PRMW,PRIMO WATER CORP,Consumer Staples,0.09
SHAK,SHAKE SHACK INC CLASS A,Consumer Discretionary,0.09
DY,DYCOM INDUSTRIES INC,Industrials,0.09
MGY,MAGNOLIA OIL GAS CORP CLASS A,Energy,0.09
CIVI,CIVITAS RESOURCES INC,Energy,0.09
ONB,OLD NATIONAL BANCORP,Financials,0.09
KW,KENNEDY WILSON HOLDINGS INC,Real Estate,0.09
SCL,STEPAN,Materials,0.09
FULT,FULTON FINANCIAL CORP,Financials,0.09
BCC,BOISE CASCADE,Industrials,0.09
AIN,ALBANY INTERNATIONAL CORP CLASS A,Industrials,0.09
PEB,PEBBLEBROOK HOTEL TRUST REIT,Real Estate,0.09
LC,LENDINGCLUB CORP,Financials,0.09
DRNA,DICERNA PHARMACEUTICALS INC,Health Care,0.09
ITCI,INTRA CELLULAR THERAPIES INC,Health Care,0.09
NOVA,SUNNOVA ENERGY INTERNATIONAL INC,Utilities,0.09
PTCT,PTC THERAPEUTICS INC,Health Care,0.09
CRNC,CERENCE INC,Information Technology,0.09
KRTX,KARUNA THERAPEUTICS INC,Health Care,0.09
ACA,ARCOSA INC,Industrials,0.09
THRM,GENTHERM INC,Consumer Discretionary,0.09
UCBI,UNITED COMMUNITY BANKS INC,Financials,0.09
SSTK,SHUTTERSTOCK INC,Consumer Discretionary,0.09
PLXS,PLEXUS CORP,Information Technology,0.09
KAI,KADANT INC,Industrials,0.09
SJI,S JERSEY INDS INC,Utilities,0.09
FSS,FEDERAL SIGNAL CORP,Industrials,0.09
ENR,ENERGIZER HOLDINGS INC,Consumer Staples,0.09
SITC,SITE CENTERS CORP,Real Estate,0.09
DDD,3D SYSTEMS CORP,Information Technology,0.09
COKE,COCA COLA CONSOLIDATED INC,Consumer Staples,0.09
SPXC,SPX CORP,Industrials,0.09
MNTV,MOMENTIVE GLOBAL INC,Information Technology,0.09
IRT,INDEPENDENCE REALTY INC TRUST,Real Estate,0.09
HAE,HAEMONETICS CORP,Health Care,0.09
CYRX,CRYOPORT INC,Health Care,0.09
AAWW,ATLAS AIR WORLDWIDE HOLDINGS INC,Industrials,0.09
TROX,TRONOX HOLDINGS PLC,Materials,0.09
FCFS,FIRSTCASH INC,Financials,0.09
YELP,YELP INC,Communication,0.09
WLL,WHITING PETROLEUM CORP,Energy,0.09
VICR,VICOR CORP,Industrials,0.09
BRC,BRADY NONVOTING CORP CLASS A,Industrials,0.09
PCRX,PACIRA BIOSCIENCES INC,Health Care,0.09
NUVA,NUVASIVE INC,Health Care,0.09
SANM,SANMINA CORP,Information Technology,0.09
HP,HELMERICH & PAYNE INC,Energy,0.09
TWNK,HOSTESS BRANDS INC CLASS A,Consumer Staples,0.09
UNIT,UNITI GROUP INC,Real Estate,0.09
HL,HECLA MINING,Materials,0.09
GMS,GMS INC,Industrials,0.09
PDCO,PATTERSON COMPANIES INC,Health Care,0.09
MED,MEDIFAST INC,Consumer Staples,0.09
EPC,EDGEWELL PERSONAL CARE,Consumer Staples,0.09
FBP,FIRST BANCORP,Financials,0.09
COLB,COLUMBIA BANKING SYSTEM INC,Financials,0.09
MTX,MINERALS TECHNOLOGIES INC,Materials,0.09
NMRK,NEWMARK GROUP INC CLASS A,Real Estate,0.09
WWW,WOLVERINE WORLD WIDE INC,Consumer Discretionary,0.08
IGT,INTERNATIONAL GAME TECHNOLOGY PLC,Consumer Discretionary,0.08
GSHD,GOOSEHEAD INSURANCE INC CLASS A,Financials,0.08
AMRC,AMERESCO INC CLASS A,Industrials,0.08
CCS,CENTURY COMMUNITIES INC,Consumer Discretionary,0.08
NHI,NATIONAL HEALTH INVESTORS REIT INC,Real Estate,0.08
VSTO,VISTA OUTDOOR INC,Consumer Discretionary,0.08
SHO,SUNSTONE HOTEL INVESTORS REIT INC,Real Estate,0.08
KTOS,KRATOS DEFENSE AND SECURITY SOLUTI,Industrials,0.08
EAF,GRAFTECH INTERNATIONAL LTD,Industrials,0.08
NUS,NU SKIN ENTERPRISES INC CLASS A,Consumer Staples,0.08
UCTT,ULTRA CLEAN HOLDINGS INC,Information Technology,0.08
ABR,ARBOR REALTY TRUST REIT INC,Financials,0.08
AXNX,AXONICS INC,Health Care,0.08
JWA,JOHN WILEY AND SONS INC CLASS A,Communication,0.08
AMKR,AMKOR TECHNOLOGY INC,Information Technology,0.08
CNS,COHEN & STEERS INC,Financials,0.08
NTCT,NETSCOUT SYSTEMS INC,Information Technology,0.08
BDN,BRANDYWINE REALTY TRUST REIT,Real Estate,0.08
TTGT,TECHTARGET INC,Communication,0.08
IBOC,INTERNATIONAL BANCSHARES CORP,Financials,0.08
SASR,SANDY SPRING BANCORP INC,Financials,0.08
RUSHA,RUSH ENTERPRISES INC CLASS A,Industrials,0.08
ESE,ESCO TECHNOLOGIES INC,Industrials,0.08
FRME,FIRST MERCHANTS CORP,Financials,0.08
WAFD,WASHINGTON FEDERAL INC,Financials,0.08
HTH,HILLTOP HOLDINGS INC,Financials,0.08
TRN,TRINITY INDUSTRIES INC,Industrials,0.08
PFSI,PENNYMAC FINANCIAL SERVICES INC,Financials,0.08
LPSN,LIVEPERSON INC,Information Technology,0.08
MGNI,MAGNITE INC,Communication,0.08
GHC,GRAHAM HOLDINGS COMPANY CLASS B,Consumer Discretionary,0.08
MOGA,MOOG INC CLASS A,Industrials,0.08
ROCK,GIBRALTAR INDUSTRIES INC,Industrials,0.08
FUBO,FUBOTV INC,Communication,0.08
ACLS,AXCELIS TECHNOLOGIES INC,Information Technology,0.08
APPF,APPFOLIO INC CLASS A,Information Technology,0.08
NPO,ENPRO INDUSTRIES INC,Industrials,0.08
CDNA,CAREDX INC,Health Care,0.08
JJSF,J AND J SNACK FOODS CORP,Consumer Staples,0.08
PDM,PIEDMONT OFFICE REALTY TRUST REIT,Real Estate,0.08
ZUO,ZUORA INC CLASS A,Information Technology,0.08
IOSP,INNOSPEC INC,Materials,0.08
LPRO,OPEN LENDING CORP CLASS A,Financials,0.08
EPAY,BOTTOMLINE TECHNOLOGIES INC,Information Technology,0.08
ROIC,RETAIL OPPORTUNITY INVESTMENTS REI,Real Estate,0.08
OAS,OASIS PETROLEUM INC,Energy,0.08
WGO,WINNEBAGO INDUSTRIES INC,Consumer Discretionary,0.08
VGR,VECTOR GROUP LTD,Consumer Staples,0.08
MGLN,MAGELLAN HEALTH INC,Health Care,0.08
LGND,LIGAND PHARMACEUTICALS INC,Health Care,0.08
WRE,WASHINGTON REAL ESTATE INVESTMENT,Real Estate,0.08
WSBC,WESBANCO INC,Financials,0.08
MDRX,ALLSCRIPTS HEALTHCARE SOLUTIONS IN,Health Care,0.08
MWA,MUELLER WATER PRODUCTS INC SERIES,Industrials,0.08
SAVE,SPIRIT AIRLINES INC,Industrials,0.08
FBC,FLAGSTAR BANCORP INC,Financials,0.08
NKLA,NIKOLA,Industrials,0.08
IDCC,INTERDIGITAL INC,Information Technology,0.08
CPK,CHESAPEAKE UTILITIES CORP,Utilities,0.08
SBH,SALLY BEAUTY HOLDINGS INC,Consumer Discretionary,0.08
RIOT,RIOT BLOCKCHAIN INC,Information Technology,0.08
PRAA,PRA GROUP INC,Financials,0.08
ARRY,ARRAY TECHNOLOGIES INC,Industrials,0.08
EXPI,EXP WORLD HOLDINGS INC,Real Estate,0.08
IHRT,IHEARTMEDIA INC CLASS A,Communication,0.07
TOWN,TOWNEBANK,Financials,0.07
FCPT,FOUR CORNERS PROPERTY INC TRUST,Real Estate,0.07
TGTX,TG THERAPEUTICS INC,Health Care,0.07
THS,TREEHOUSE FOODS INC,Consumer Staples,0.07
MYGN,MYRIAD GENETICS INC,Health Care,0.07
ANF,ABERCROMBIE AND FITCH CLASS A,Consumer Discretionary,0.07
FCEL,FUELCELL ENERGY INC,Industrials,0.07
B,BARNES GROUP INC,Industrials,0.07
RVLV,REVOLVE GROUP CLASS A INC,Consumer Discretionary,0.07
PRGS,PROGRESS SOFTWARE CORP,Information Technology,0.07
CDLX,CARDLYTICS INC,Communication,0.07
BCRX,BIOCRYST PHARMACEUTICALS INC,Health Care,0.07
XPER,XPERI HOLDING CORP,Information Technology,0.07
WSFS,WSFS FINANCIAL CORP,Financials,0.07
SWTX,SPRINGWORKS THERAPEUTICS INC,Health Care,0.07
CSTM,CONSTELLIUM SE CLASS A,Materials,0.07
XNCR,XENCOR INC,Health Care,0.07
JELD,JELD WEN HOLDING INC,Industrials,0.07
OCDX,ORTHO CLINICAL DIAGNOSTICS HOLDING,Health Care,0.07
EVH,EVOLENT HEALTH INC CLASS A,Health Care,0.07
RLJ,RLJ LODGING TRUST REIT,Real Estate,0.07
EBS,EMERGENT BIOSOLUTIONS INC,Health Care,0.07
HTLF,HEARTLAND FINANCIAL USA INC,Financials,0.07
PHR,PHREESIA INC,Health Care,0.07
EDIT,EDITAS MEDICINE INC,Health Care,0.07
OM,OUTSET MEDICAL INC,Health Care,0.07
FMBI,FIRST MIDWEST BANCORP INC,Financials,0.07
CTRE,CARETRUST REIT INC,Real Estate,0.07
VRTS,VIRTUS INVESTMENT PARTNERS INC,Financials,0.07
UE,URBAN EDGE PROPERTIES,Real Estate,0.07
VCRA,VOCERA COMMUNICATIONS INC,Health Care,0.07
FFBC,FIRST FINANCIAL BANCORP,Financials,0.07
MFA,MFA FINANCIAL REIT INC,Financials,0.07
TDS,TELEPHONE AND DATA SYSTEMS INC,Communication,0.07
URBN,URBAN OUTFITTERS INC,Consumer Discretionary,0.07
MD,MEDNAX INC,Health Care,0.07
TSE,TRINSEO PLC,Materials,0.07
KN,KNOWLES CORP,Information Technology,0.07
WHD,CACTUS INC CLASS A,Energy,0.07
HMHC,HOUGHTON MIFFLIN HARCOURT,Consumer Discretionary,0.07
SKT,TANGER FACTORY OUTLET CENTERS REIT,Real Estate,0.07
MNR,MONMOUTH REAL ESTATE INVESTMENT RE,Real Estate,0.07
GKOS,GLAUKOS CORP,Health Care,0.07
REGI,RENEWABLE ENERGY INC,Energy,0.07
MANT,MANTECH INTERNATIONAL CORP CLASS A,Industrials,0.07
VRRM,VERRA MOBILITY CORP CLASS A,Information Technology,0.07
CBZ,CBIZ INC,Industrials,0.07
BGS,B AND G FOODS INC,Consumer Staples,0.07
SKIN,BEAUTY HEALTH COMPANY CLASS A CLAS,Consumer Staples,0.07
SJW,SJW GROUP,Utilities,0.07
SKYW,SKYWEST INC,Industrials,0.07
MNRO,MONRO INC,Consumer Discretionary,0.07
ATI,ALLEGHENY TECHNOLOGIES INC,Materials,0.07
ONEM,1LIFE HEALTHCARE INC,Health Care,0.07
AGIO,AGIOS PHARMACEUTICALS INC,Health Care,0.07
PRK,PARK NATIONAL CORP,Financials,0.07
CPE,CALLON PETROLEUM,Energy,0.07
CDXS,CODEXIS INC,Health Care,0.07
HCAT,HEALTH CATALYST INC,Health Care,0.07
NTB,BANK OF NT BUTTERFIELD & SON LTD,Financials,0.07
MAXR,MAXAR TECHNOLOGIES INC,Industrials,0.07
DEA,EASTERLY GOVERNMENT PROPERTIES INC,Real Estate,0.07
CSGS,CSG SYSTEMS INTERNATIONAL INC,Information Technology,0.07
KYMR,KYMERA THERAPEUTICS INC,Health Care,0.07
HNI,HNI CORP,Industrials,0.07
RNST,RENASANT CORP,Financials,0.07
GNW,GENWORTH FINANCIAL A INC,Financials,0.07
EGHT,8X8 INC - COM,Information Technology,0.07
XHR,XENIA HOTELS RESORTS REIT INC,Real Estate,0.07
SMCI,SUPER MICRO COMPUTER INC,Information Technology,0.07
ICFI,ICF INTERNATIONAL INC,Industrials,0.07
TWO,TWO HARBORS INVESTMENT REIT CORP,Financials,0.07
CCXI,CHEMOCENTRYX INC,Health Care,0.06
BIGC,BIGCOMMERCE HOLDINGS INC SERIES,Information Technology,0.06
CORT,CORCEPT THERAPEUTICS INC,Health Care,0.06
GDOT,GREEN DOT CORP CLASS A,Financials,0.06
IRBT,IROBOT CORP,Consumer Discretionary,0.06
STC,STEWART INFO SERVICES CORP,Financials,0.06
TPTX,TURNING POINT THERAPEUTICS INC,Health Care,0.06
GOLF,ACUSHNET HOLDINGS CORP,Consumer Discretionary,0.06
FLGT,FULGENT GENETICS INC,Health Care,0.06
TRMK,TRUSTMARK CORP,Financials,0.06
COHU,COHU INC,Information Technology,0.06
OI,O I GLASS INC,Materials,0.06
RLGY,REALOGY HOLDINGS CORP,Real Estate,0.06
SBCF,SEACOAST BANKING OF FLORIDA,Financials,0.06
LNTH,LANTHEUS HOLDINGS INC,Health Care,0.06
CVET,COVETRUS INC,Health Care,0.06
ARGO,ARGO GROUP INTERNATIONAL HOLDINGS,Financials,0.06
KAR,KAR AUCTION SERVICES INC,Industrials,0.06
RCUS,ARCUS BIOSCIENCES INC,Health Care,0.06
ARI,APOLLO COMMERCIAL REAL ESTATE FINA,Financials,0.06
CUBI,CUSTOMERS BANCORP INC,Financials,0.06
CMP,COMPASS MINERALS INTERNATIONAL INC,Materials,0.06
NMIH,NMI HOLDINGS INC CLASS A,Financials,0.06
DRH,DIAMONDROCK HOSPITALITY REIT,Real Estate,0.06
CRVL,CORVEL CORP,Health Care,0.06
MGRC,MCGRATH RENT,Industrials,0.06
CAKE,CHEESECAKE FACTORY INC,Consumer Discretionary,0.06
AKR,ACADIA REALTY TRUST REIT,Real Estate,0.06
ODP,ODP CORP,Consumer Discretionary,0.06
PJT,PJT PARTNERS INC CLASS A,Financials,0.06
CENTA,CENTRAL GARDEN AND PET CLASS A,Consumer Staples,0.06
ECPG,ENCORE CAPITAL GROUP INC,Financials,0.06
JACK,JACK IN THE BOX INC,Consumer Discretionary,0.06
AAT,AMERICAN ASSETS TRUST REIT INC,Real Estate,0.06
GVA,GRANITE CONSTRUCTION INC,Industrials,0.06
LKFN,LAKELAND FINANCIAL CORP,Financials,0.06
FOE,FERRO CORP,Materials,0.06
CNK,CINEMARK HOLDINGS INC,Communication,0.06
MYRG,MYR GROUP INC,Industrials,0.06
ETWO,E2OPEN PARENT HOLDINGS INC CLASS A,Information Technology,0.06
MTRN,MATERION CORP,Materials,0.06
MHO,M I HOMES INC,Consumer Discretionary,0.06
CLDX,CELLDEX THERAPEUTICS INC,Health Care,0.06
ALEX,ALEXANDER AND BALDWIN INC,Real Estate,0.06
SNBR,SLEEP NUMBER CORP,Consumer Discretionary,0.06
VBTX,VERITEX HOLDINGS INC,Financials,0.06
EFSC,ENTERPRISE FINANCIAL SERVICES CORP,Financials,0.06
SAVA,CASSAVA SCIENCES INC,Health Care,0.06
STEP,STEPSTONE GROUP INC CLASS A,Financials,0.06
SPWR,SUNPOWER CORP,Information Technology,0.06
RLAY,RELAY THERAPEUTICS INC,Health Care,0.06
PMT,PENNYMAC MORTGAGE INVESTMENT TRUST,Financials,0.06
MEI,METHODE ELECTRONICS INC,Information Technology,0.06
MODV,MODIVCARE INC,Health Care,0.06
NSTG,NANOSTRING TECHNOLOGIES INC,Health Care,0.06
BBBY,BED BATH AND BEYOND INC,Consumer Discretionary,0.06
VRTV,VERITIV CORP,Industrials,0.06
PATK,PATRICK INDUSTRIES INC,Consumer Discretionary,0.06
WOR,WORTHINGTON INDUSTRIES INC,Materials,0.06
NXRT,NEXPOINT RESIDENTIAL TRUST INC,Real Estate,0.06
CSWI,CSW INDUSTRIALS INC,Industrials,0.06
SRNE,SORRENTO THERAPEUTICS INC,Health Care,0.06
VCEL,VERICEL CORP,Health Care,0.06
INT,WORLD FUEL SERVICES CORP,Energy,0.06
EXTR,EXTREME NETWORKS INC,Information Technology,0.06
GWB,GREAT WESTERN BANCORP INC,Financials,0.06
CASH,META FINANCIAL GROUP INC,Financials,0.06
GBT,GLOBAL BLOOD THERAPEUTICS INC,Health Care,0.06
FIBK,FIRST INTERSTATE BANCSYSTEM INC CL,Financials,0.06
TVTX,TRAVERE THERAPEUTICS INC,Health Care,0.06
PSMT,PRICESMART INC,Consumer Staples,0.06
MSGE,MADISON SQUARE GARDEN ENTERTAINMEN,Communication,0.06
NNI,NELNET INC CLASS A,Financials,0.06
EVRI,EVERI HOLDINGS INC,Consumer Discretionary,0.06
IPAR,INTER PARFUMS INC,Consumer Staples,0.06
BANR,BANNER CORP,Financials,0.06
LZB,LA-Z-BOY INC,Consumer Discretionary,0.06
LGFB,LIONS GATE ENTERTAINMENT NON VOTIN,Communication,0.06
BLMN,BLOOMIN BRANDS INC,Consumer Discretionary,0.06
NVEE,NV5 GLOBAL INC,Industrials,0.06
SDGR,SCHRODINGER INC,Health Care,0.06
CWH,CAMPING WORLD HOLDINGS INC CLASS A,Consumer Discretionary,0.06
LILAK,LIBERTY LATIN AMERICA LTD CLASS C,Communication,0.06
MTOR,MERITOR INC,Industrials,0.06
INFN,INFINERA CORP,Information Technology,0.06
ATSG,AIR TRANSPORT SERVICES GROUP INC,Industrials,0.06
PFS,PROVIDENT FINANCIAL SERVICES INC,Financials,0.06
CYH,COMMUNITY HEALTH SYSTEMS INC,Health Care,0.06
PI,IMPINJ INC,Information Technology,0.06
GTN,GRAY TELEVISION INC,Communication,0.06
MSEX,MIDDLESEX WATER,Utilities,0.06
SHYF,SHYFT GROUP INC,Industrials,0.06
LNN,LINDSAY CORP,Industrials,0.06
IRWD,IRONWOOD PHARMA INC CLASS A,Health Care,0.06
EGBN,EAGLE BANCORP INC,Financials,0.06
JOE,ST JOE,Real Estate,0.06
HSKA,HESKA CORP,Health Care,0.06
OPK,OPKO HEALTH INC,Health Care,0.06
EAT,BRINKER INTERNATIONAL INC,Consumer Discretionary,0.06
BRP,BRP GROUP INC CLASS A,Financials,0.06
MEG,MONTROSE ENVIRONMENTAL GRP INC,Industrials,0.06
STAR,ISTAR REIT INC,Real Estate,0.06
TGH,TEXTAINER GROUP HOLDINGS LTD,Industrials,0.06
AVYA,AVAYA HOLDINGS CORP,Information Technology,0.06
BSIG,BRIGHTSPHERE INVESTMENT GROUP INC,Financials,0.06
MLAB,MESA LABORATORIES INC,Health Care,0.06
VRE,VERIS RESIDENTIAL INC,Real Estate,0.06
ISEE,IVERIC BIO INC,Health Care,0.06
GDYN,GRID DYNAMICS HOLDINGS INC CLASS A,Information Technology,0.06
GEF,GREIF INC CLASS A,Materials,0.06
OXM,OXFORD INDUSTRIES INC,Consumer Discretionary,0.06
TTEC,TTEC HOLDINGS INC,Information Technology,0.06
OSIS,OSI SYSTEMS INC,Information Technology,0.06
RILY,B RILEY FINANCIAL INC,Financials,0.06
PLMR,PALOMAR HOLDINGS INC,Financials,0.05
PGRE,PARAMOUNT GROUP REIT INC,Real Estate,0.05
BAND,BANDWIDTH INC CLASS A,Communication,0.05
PRTA,PROTHENA PLC,Health Care,0.05
DDS,DILLARDS INC CLASS A,Consumer Discretionary,0.05
GCP,GCP APPLIED TECHNOLOGIES INC,Materials,0.05
PTEN,PATTERSON UTI ENERGY INC,Energy,0.05
FROG,JFROG LTD,Information Technology,0.05
ASTE,ASTEC INDUSTRIES INC,Industrials,0.05
CDMO,AVID BIOSERVICES INC,Health Care,0.05
PLAY,DAVE AND BUSTERS ENTERTAINMENT INC,Consumer Discretionary,0.05
NG,NOVAGOLD RESOURCES INC,Materials,0.05
SGRY,SURGERY PARTNERS INC,Health Care,0.05
HOPE,HOPE BANCORP INC,Financials,0.05
TTMI,TTM TECHNOLOGIES INC,Information Technology,0.05
RVMD,REVOLUTION MEDICINES INC,Health Care,0.05
KFRC,KFORCE INC,Industrials,0.05
SYBT,STOCK YARDS BANCORP INC,Financials,0.05
BGCP,BGC PARTNERS INC CLASS A,Financials,0.05
FBNC,FIRST BANCORP,Financials,0.05
NWBI,NORTHWEST BANCSHARES INC,Financials,0.05
ELF,ELF BEAUTY INC,Consumer Staples,0.05
DVAX,DYNAVAX TECHNOLOGIES CORP,Health Care,0.05
NWN,NORTHWEST NATURAL HOLDING COMPANY,Utilities,0.05
RWT,REDWOOD TRUST REIT INC,Financials,0.05
FRG,FRANCHISE GROUP INC,Consumer Discretionary,0.05
AVNS,AVANOS MEDICAL INC,Health Care,0.05
GNL,GLOBAL NET LEASE INC,Real Estate,0.05
AHCO,ADAPTHEALTH CORP,Health Care,0.05
CSR,CENTERSPACE,Real Estate,0.05
ILPT,INDUSTRIAL LOGISTICS PROPERTIES TR,Real Estate,0.05
TWOU,2U INC,Consumer Discretionary,0.05
FBK,FB FINANCIAL CORP,Financials,0.05
TNC,TENNANT,Industrials,0.05
ENVA,ENOVA INTERNATIONAL INC,Financials,0.05
RPAY,REPAY HOLDINGS CORP CLASS A,Information Technology,0.05
COUR,COURSERA INC,Consumer Discretionary,0.05
BIG,BIG LOTS INC,Consumer Discretionary,0.05
NYMT,NEW YORK MORTGAGE TRUST REIT INC,Financials,0.05
SANA,SANA BIOTECHNOLOGY INC,Health Care,0.05
CFFN,CAPITOL FEDERAL FINANCIAL INC,Financials,0.05
BKE,BUCKLE INC,Consumer Discretionary,0.05
ANAT,AMERICAN NATIONAL GROUP INC,Financials,0.05
NBTB,NBT BANCORP INC,Financials,0.05
HMN,HORACE MANN EDUCATORS CORP,Financials,0.05
KRA,KRATON CORP,Materials,0.05
KALU,KAISER ALUMINIUM CORP,Materials,0.05
PING,PING IDENTITY HOLDING CORP,Information Technology,0.05
PLUS,EPLUS,Information Technology,0.05
PRLB,PROTO LABS INC,Industrials,0.05
ALG,ALAMO GROUP INC,Industrials,0.05
KOS,KOSMOS ENERGY LTD,Energy,0.05
TREE,LENDINGTREE INC,Financials,0.05
MBUU,MALIBU BOATS CLASS A INC,Consumer Discretionary,0.05
TRS,TRIMAS CORP,Materials,0.05
ATGE,ADTALEM GLOBAL EDUCATION INC,Consumer Discretionary,0.05
HEES,H AND E EQUIPMENT SERVICES INC,Industrials,0.05
STRA,STRATEGIC EDUCATION INC,Consumer Discretionary,0.05
AVAV,AEROVIRONMENT INC,Industrials,0.05
CRS,CARPENTER TECHNOLOGY CORP,Materials,0.05
SVC,SERVICE PROPERTIES TRUST,Real Estate,0.05
ENTA,ENANTA PHARMACEUTICALS INC,Health Care,0.05
ADUS,ADDUS HOMECARE CORP,Health Care,0.05
GBX,GREENBRIER INC,Industrials,0.05
WABC,WESTAMERICA BANCORPORATION,Financials,0.05
SUPN,SUPERNUS PHARMACEUTICALS INC,Health Care,0.05
BUSE,FIRST BUSEY CORP,Financials,0.05
PRO,PROS HOLDINGS INC,Information Technology,0.05
AZZ,AZZ INC,Industrials,0.05
GPRO,GOPRO INC CLASS A,Consumer Discretionary,0.05
DLX,DELUXE CORP,Industrials,0.05
PTGX,PROTAGONIST THERAPEUTICS INC,Health Care,0.05
EPAC,ENERPAC TOOL GROUP CORP CLASS A,Industrials,0.05
PACK,RANPAK HOLDINGS CORP CLASS A,Materials,0.05
DOMO,DOMO INC CLASS B,Information Technology,0.05
SILK,SILK ROAD MEDICAL INC,Health Care,0.05
CALM,CAL MAINE FOODS INC,Consumer Staples,0.05
VECO,VEECO INSTRUMENTS INC,Information Technology,0.05
DFIN,DONNELLEY FINANCIAL SOLUTIONS INC,Financials,0.05
ATRA,ATARA BIOTHERAPEUTICS INC,Health Care,0.05
ALEC,ALECTOR INC,Health Care,0.05
IMKTA,INGLES MARKETS INC CLASS A,Consumer Staples,0.05
IMGN,IMMUNOGEN INC,Health Care,0.05
OCFC,OCEANFIRST FINANCIAL CORP,Financials,0.05
HCSG,HEALTHCARE SERVICES GROUP INC,Industrials,0.05
FARO,FARO TECHNOLOGIES INC,Information Technology,0.05
KRYS,KRYSTAL BIOTECH INC,Health Care,0.05
LRN,STRIDE INC,Consumer Discretionary,0.05
SAFE,SAFEHOLD INC,Real Estate,0.05
LTC,LTC PROPERTIES REIT INC,Real Estate,0.05
UIS,UNISYS CORP,Information Technology,0.04
UVV,UNIVERSAL CORP,Consumer Staples,0.04
ARCH,ARCH RESOURCES INC CLASS A,Energy,0.04
PRCH,PORCH GROUP INC,Consumer Discretionary,0.04
BFLY,BUTTERFLY NETWORK INC CLASS A,Health Care,0.04
USNA,USANA HEALTH SCIENCES INC,Consumer Staples,0.04
LADR,LADDER CAPITAL CORP CLASS A,Financials,0.04
RGNX,REGENXBIO INC,Health Care,0.04
PAR,PAR TECHNOLOGY CORP,Information Technology,0.04
FCF,FIRST COMMONWEALTH FINANCIAL CORP,Financials,0.04
SHEN,SHENANDOAH TELECOMMUNICATIONS,Communication,0.04
RDNT,RADNET INC,Health Care,0.04
INO,INOVIO PHARMACEUTICALS INC,Health Care,0.04
ESRT,EMPIRE STATE REALTY REIT INC TRUST,Real Estate,0.04
QTRX,QUANTERIX CORP,Health Care,0.04
SCHN,SCHNITZER STEEL INDUSTRIES INC CLA,Materials,0.04
POLY,PLANTRONICS INC,Information Technology,0.04
PRIM,PRIMORIS SERVICES CORP,Industrials,0.04
AIR,AAR CORP,Industrials,0.04
ICHR,ICHOR HOLDINGS LTD,Information Technology,0.04
SXI,STANDEX INTERNATIONAL CORP,Industrials,0.04
GTY,GETTY REALTY REIT CORP,Real Estate,0.04
SUMO,SUMO LOGIC INC,Information Technology,0.04
USPH,US PHYSICAL THERAPY INC,Health Care,0.04
ASIX,ADVANSIX INC,Materials,0.04
CNOB,CONNECTONE BANCORP INC,Financials,0.04
CMCO,COLUMBUS MCKINNON CORP,Industrials,0.04
HSC,HARSCO CORP,Industrials,0.04
PRA,PROASSURANCE CORP,Financials,0.04
BANF,BANCFIRST CORP,Financials,0.04
TBBK,BANCORP INC,Financials,0.04
AVXL,ANAVEX LIFE SCIENCES CORP,Health Care,0.04
CERE,CEREVEL THERAPEUTICS HOLDINGS INC,Health Care,0.04
FGEN,FIBROGEN INC,Health Care,0.04
NBHC,NATIONAL BANK HOLDINGS CORP CLASS,Financials,0.04
HZO,MARINEMAX INC,Consumer Discretionary,0.04
MGPI,MGP INGREDIENTS INC,Consumer Staples,0.04
DIN,DINE BRANDS GLOBAL INC,Consumer Discretionary,0.04
CDE,COEUR MINING INC,Materials,0.04
GIII,G III APPAREL GROUP LTD,Consumer Discretionary,0.04
PGTI,PGT INNOVATIONS INC,Industrials,0.04
GLNG,GOLAR LNG LTD,Energy,0.04
XPEL,XPEL INC,Consumer Discretionary,0.04
ACCD,ACCOLADE INC,Health Care,0.04
GPRE,GREEN PLAINS INC,Energy,0.04
GFF,GRIFFON CORP,Industrials,0.04
BRMK,BROADMARK REALTY CAPITAL INC,Financials,0.04
DCOM,DIME COMMUNITY BANCSHARES INC,Financials,0.04
YEXT,YEXT INC,Information Technology,0.04
CCCC,C4 THERAPEUTICS INC,Health Care,0.04
SLQT,SELECTQUOTE INC,Financials,0.04
ASPN,ASPEN AEROGELS INC,Energy,0.04
CMPR,CIMPRESS PLC,Industrials,0.04
SBGI,SINCLAIR BROADCAST GROUP INC CLASS,Communication,0.04
TCBK,TRICO BANCSHARES,Financials,0.04
CXW,CORECIVIC REIT INC,Industrials,0.04
SBSI,SOUTHSIDE BANCSHARES INC,Financials,0.04
SENS,SENSEONICS HOLDINGS INC,Health Care,0.04
PFC,PREMIER FINANCIAL CORP,Financials,0.04
KAMN,KAMAN CORP,Industrials,0.04
TMP,TOMPKINS FINANCIAL CORP,Financials,0.04
UUUU,ENERGY FUELS INC,Energy,0.04
BHLB,BERKSHIRE HILLS BANCORP INC,Financials,0.04
PLCE,CHILDRENS PLACE INC,Consumer Discretionary,0.04
AIV,APARTMENT INVESTMENT AND MANAGEMEN,Real Estate,0.04
OFG,OFG BANCORP,Financials,0.04
ANDE,ANDERSONS INC,Consumer Staples,0.04
CDEV,CENTENNIAL RESOURCE DEVELOPMENT IN,Energy,0.04
HIBB,HIBBETT INC,Consumer Discretionary,0.04
RGR,STURM RUGER INC,Consumer Discretionary,0.04
CCO,CLEAR CHANNEL OUTDOOR HOLDINGS INC,Communication,0.04
BANC,BANC OF CALIFORNIA INC,Financials,0.04
EB,EVENTBRITE CLASS A INC,Communication,0.04
CWENA,CLEARWAY ENERGY INC CLASS A,Utilities,0.04
SAFT,SAFETY INSURANCE GROUP INC,Financials,0.04
AGM,FEDERAL AGRICULTURAL MORTGAGE NON,Financials,0.04
CTS,CTS CORP,Information Technology,0.04
INBX,INHIBRX INC,Health Care,0.04
MMI,MARCUS & MILLICHAP INC,Real Estate,0.04
PBF,PBF ENERGY INC CLASS A,Energy,0.04
AOSL,ALPHA AND OMEGA SEMICONDUCTOR LTD,Information Technology,0.04
AVID,AVID TECHNOLOGY INC,Information Technology,0.04
OPI,OFFICE PROPERTIES INCOME TRUST,Real Estate,0.04
CHCO,CITY HOLDING,Financials,0.04
MATW,MATTHEWS INTERNATIONAL CORP CLASS,Industrials,0.04
OII,OCEANEERING INTERNATIONAL INC,Energy,0.04
AMWL,AMERICAN WELL CORP CLASS A,Health Care,0.04
BALY,BALLY S CORP,Consumer Discretionary,0.04
HCC,WARRIOR MET COAL INC,Materials,0.04
RVNC,REVANCE THERAPEUTICS INC,Health Care,0.04
WMK,WEIS MARKETS INC,Consumer Staples,0.04
SMP,STANDARD MOTOR PRODUCTS INC,Consumer Discretionary,0.04
APOG,APOGEE ENTERPRISES INC,Industrials,0.04
CERS,CERUS CORP,Health Care,0.04
DK,DELEK US HOLDINGS INC,Energy,0.04
CHRS,COHERUS BIOSCIENCES INC,Health Care,0.04
CARS,CARS.COM INC,Communication,0.04
BLNK,BLINK CHARGING,Industrials,0.04
BRKL,BROOKLINE BANCORP INC,Financials,0.04
STBA,S AND T BANCORP INC,Financials,0.04
SFIX,STITCH FIX INC CLASS A,Consumer Discretionary,0.04
AMWD,AMERICAN WOODMARK CORP,Industrials,0.04
SPNS,SAPIENS INTERNATIONAL NV,Information Technology,0.04
EVOP,EVO PAYMENTS INC CLASS A,Information Technology,0.04
EIG,EMPLOYERS HOLDINGS INC,Financials,0.04
SAH,SONIC AUTOMOTIVE INC CLASS A,Consumer Discretionary,0.04
TGI,TRIUMPH GROUP INC,Industrials,0.04
VREX,VAREX IMAGING CORP,Health Care,0.04
SSP,EW SCRIPPS CLASS A,Communication,0.04
TELL,TELLURIAN INC,Energy,0.04
FIZZ,NATIONAL BEVERAGE CORP,Consumer Staples,0.04
PLAB,PHOTRONICS INC,Information Technology,0.04
WRLD,WORLD ACCEPTANCE CORP,Financials,0.04
SCS,STEELCASE INC CLASS A,Industrials,0.04
TVTY,TIVITY HEALTH INC,Health Care,0.04
FFWM,FIRST FOUNDATION INC,Financials,0.04
HURN,HURON CONSULTING GROUP INC,Industrials,0.04
AXL,AMERICAN AXLE AND MANUFACTURING HO,Consumer Discretionary,0.04
UMH,UMH PROPERTIES REIT INC,Real Estate,0.04
OEC,ORION ENGINEERED CARBONS SA,Materials,0.04
AMSF,AMERISAFE INC,Financials,0.04
CHCT,COMMUNITY HEALTHCARE TRUST INC,Real Estate,0.04
ADTN,ADTRAN INC,Information Technology,0.04
WOW,WIDEOPENWEST INC,Communication,0.04
MNKD,MANNKIND CORP,Health Care,0.04
ZUMZ,ZUMIEZ INC,Consumer Discretionary,0.04
GEVO,GEVO INC,Energy,0.04
SGH,SMART GLOBAL HOLDINGS INC,Information Technology,0.04
COWN,COWEN INC CLASS A,Financials,0.04
MODN,MODEL N INC,Information Technology,0.04
LASR,NLIGHT INC,Information Technology,0.04
ALLO,ALLOGENE THERAPEUTICS INC,Health Care,0.04
SNEX,STONEX GROUP INC,Financials,0.04
MRTN,MARTEN TRANSPORT LTD,Industrials,0.04
MGNX,MACROGENICS INC,Health Care,0.04
GRC,GORMAN-RUPP,Industrials,0.04
SATS,ECHOSTAR CORP CLASS A,Communication,0.04
LAUR,LAUREATE EDUCATION INC,Consumer Discretionary,0.04
RPT,RPT REALTY,Real Estate,0.04
ECOL,US ECOLOGY INC,Industrials,0.04
DM,DESKTOP METAL INC CLASS A,Industrials,0.04
MVIS,MICROVISION INC,Information Technology,0.04
CHEF,CHEFS WAREHOUSE INC,Consumer Staples,0.04
AROC,ARCHROCK INC,Energy,0.04
ARKO,ARKO,Consumer Discretionary,0.03
HYFM,HYDROFARM HOLDINGS GROUP INC,Industrials,0.03
BATRK,LIBERTY MEDIA LIBERTY BRAVES CORP,Communication,0.03
MPLN,MULTIPLAN CORP CLASS A,Health Care,0.03
AMCX,AMC NETWORKS CLASS A INC,Communication,0.03
OCGN,OCUGEN INC,Health Care,0.03
ENDP,ENDO INTERNATIONAL PLC,Health Care,0.03
NCBS,NICOLET BANKSHARES INC,Financials,0.03
CEVA,CEVA INC,Information Technology,0.03
SCHL,SCHOLASTIC CORP,Communication,0.03
GLDD,GREAT LAKES DREDGE AND DOCK CORP,Industrials,0.03
CLNE,CLEAN ENERGY FUELS CORP,Energy,0.03
SEER,SEER INC CLASS A,Health Care,0.03
GABC,GERMAN AMERICAN BANCORP INC,Financials,0.03
HLIT,HARMONIC INC,Information Technology,0.03
AFIN,AMERICAN FIN INC TRUST CLASS A,Real Estate,0.03
ATEN,A10 NETWORKS INC,Information Technology,0.03
GMRE,GLOBAL MEDICAL REIT INC,Real Estate,0.03
NOG,NORTHERN OIL AND GAS INC,Energy,0.03
BRBR,BELLRING BRANDS INC CLASS A,Consumer Staples,0.03
UTZ,UTZ BRANDS INC CLASS A,Consumer Staples,0.03
TBI,TRUEBLUE INC,Industrials,0.03
WASH,WASHINGTON TRUST BANCORP INC,Financials,0.03
ROAD,CONSTRUCTION PARTNERS INC CLASS A,Industrials,0.03
RADI,RADIUS GLOBAL INFRASTRUCTURE INC C,Communication,0.03
CRNX,CRINETICS PHARMACEUTICALS INC,Health Care,0.03
BNGO,BIONANO GENOMICS INC,Health Care,0.03
NXGN,NEXTGEN HEALTHCARE INC,Health Care,0.03
MNRL,BRIGHAM MINERALS INC CLASS A,Energy,0.03
HA,HAWAIIAN HOLDINGS INC,Industrials,0.03
OPRX,OPTIMIZERX CORP,Health Care,0.03
GCO,GENESCO INC,Consumer Discretionary,0.03
SPTN,SPARTANNASH,Consumer Staples,0.03
CCRN,CROSS COUNTRY HEALTHCARE INC,Health Care,0.03
DNOW,NOW INC,Industrials,0.03
INN,SUMMIT HOTEL PROPERTIES REIT INC,Real Estate,0.03
OBNK,ORIGIN BANCORP INC,Financials,0.03
CSV,CARRIAGE SERVICES INC,Consumer Discretionary,0.03
RCKT,ROCKET PHARMACEUTICALS INC,Health Care,0.03
ATRI,ATRION CORP,Health Care,0.03
KRNY,KEARNY FINANCIAL CORP,Financials,0.03
MORF,MORPHIC HOLDING INC,Health Care,0.03
LBAI,LAKELAND BANCORP INC,Financials,0.03
ANGO,ANGIODYNAMICS INC,Health Care,0.03
VNDA,VANDA PHARMACEUTICALS INC,Health Care,0.03
SWM,SCHWEITZER MAUDUIT INTERNATIONAL I,Materials,0.03
LGFA,LIONS GATE ENTERTAINMENT VOTING CO,Communication,0.03
BKD,BROOKDALE SENIOR LIVING INC,Health Care,0.03
FDP,FRESH DEL MONTE PRODUCE INC,Consumer Staples,0.03
GRBK,GREEN BRICK PARTNERS INC,Consumer Discretionary,0.03
LOVE,LOVESAC COMPANY,Consumer Discretionary,0.03
HBNC,HORIZON BNCP IND,Financials,0.03
DENN,DENNYS CORP,Consumer Discretionary,0.03
GOEV,CANOO INC CLASS A,Consumer Discretionary,0.03
STFC,STATE AUTO FINANCIAL CORP,Financials,0.03
QNST,QUINSTREET INC,Communication,0.03
IDT,IDT CORP CLASS B,Communication,0.03
BHE,BENCHMARK ELECTRONICS INC,Information Technology,0.03
LMAT,LEMAITRE VASCULAR INC,Health Care,0.03
TSC,TRISTATE CAPITAL HOLDINGS INC,Financials,0.03
SGMO,SANGAMO THERAPEUTICS INC,Health Care,0.03
AMRS,AMYRIS INC,Materials,0.03
WNC,WABASH NATIONAL CORP,Industrials,0.03
RNA,AVIDITY BIOSCIENCES INC,Health Care,0.03
RC,READY CAPITAL CORP,Financials,0.03
GES,GUESS INC,Consumer Discretionary,0.03
JYNT,JOINT CORP,Health Care,0.03
JRVR,JAMES RIVER GROUP HOLDINGS LTD,Financials,0.03
AXSM,AXSOME THERAPEUTICS INC,Health Care,0.03
NTGR,NETGEAR INC,Information Technology,0.03
HMST,HOMESTREET INC,Financials,0.03
AHH,ARMADA HOFFLER PROPERTIES REIT INC,Real Estate,0.03
BLI,BERKELEY LIGHTS INC,Health Care,0.03
PDFS,PDF SOLUTIONS INC,Information Technology,0.03
PCVX,VAXCYTE INC,Health Care,0.03
BMTC,BRYN MAWR BANK CORP,Financials,0.03
XENT,INTERSECT ENT INC,Health Care,0.03
TILE,INTERFACE INC,Industrials,0.03
HRMY,HARMONY BIOSCIENCES HLDG INC,Health Care,0.03
AGYS,AGILISYS INC,Information Technology,0.03
QCRH,QCR HOLDINGS INC,Financials,0.03
IMAX,IMAX CORP,Communication,0.03
MCRI,MONARCH CASINO AND RESORT INC,Consumer Discretionary,0.03
NRIX,NURIX THERAPEUTICS INC,Health Care,0.03
PLYM,PLYMOUTH INDUSTRIAL REIT INC,Real Estate,0.03
LAND,GLADSTONE LAND REIT CORP,Real Estate,0.03
SWBI,SMITH WESSON BRANDS INC,Consumer Discretionary,0.03
CSTL,CASTLE BIOSCIENCES INC,Health Care,0.03
ERII,ENERGY RECOVERY INC,Industrials,0.03
PLOW,DOUGLAS DYNAMICS INC,Industrials,0.03
LBRT,LIBERTY OILFIELD SERVICES INC CLAS,Energy,0.03
STEM,STEM INC,Industrials,0.03
HSII,HEIDRICK AND STRUGGLES INTERNATION,Industrials,0.03
REAL,THE REALREAL INC,Consumer Discretionary,0.03
FBMS,FIRST BANCSHARES INC,Financials,0.03
DBI,DESIGNER BRANDS INC CLASS A,Consumer Discretionary,0.03
CNDT,CONDUENT INC,Information Technology,0.03
DGII,DIGI INTERNATIONAL INC,Information Technology,0.03
NHC,NATIONAL HEALTHCARE CORP,Health Care,0.03
KURA,KURA ONCOLOGY INC,Health Care,0.03
AMTB,AMERANT BANCORP INC CLASS A,Financials,0.03
BCOR,BLUCORA INC,Financials,0.03
RSI,RUSH STREET INTERACTIVE INC CLASS,Consumer Discretionary,0.03
MDGL,MADRIGAL PHARMACEUTICALS INC,Health Care,0.03
UVSP,UNIVEST FINANCIAL CORP,Financials,0.03
IVR,INVESCO MORTGAGE CAPITAL REIT INC,Financials,0.03
ARR,ARMOUR RESIDENTIAL REIT INC,Financials,0.03
SNDX,SYNDAX PHARMACEUTICALS INC,Health Care,0.03
VVI,VIAD CORP,Industrials,0.03
SCSC,SCANSOURCE INC,Information Technology,0.03
GOOD,GLADSTONE COMMERCIAL REIT CORP,Real Estate,0.03
CAL,CALERES INC,Consumer Discretionary,0.03
BLFS,BIOLIFE SOLUTIONS INC,Health Care,0.03
SFL,SFL LTD,Energy,0.03
NTST,NETSTREIT CORP,Real Estate,0.03
WW,WW INTERNATIONAL INC,Consumer Discretionary,0.03
CNR,CORNERSTONE BUILDING BRANDS INC,Industrials,0.03
PSN,PARSONS CORP,Industrials,0.03
WETF,WISDOMTREE INVESTMENTS INC,Financials,0.03
CCSI,CONSENSUS CLOUD SOLUTIONS INC,Information Technology,0.03
SRCE,1ST SOURCE CORP,Financials,0.03
LUNG,PULMONX CORP,Health Care,0.03
HRTX,HERON THERAPEUTICS INC,Health Care,0.03
PEBO,PEOPLES BANCORP INC,Financials,0.03
UEC,URANIUM ENERGY CORP,Energy,0.03
HTLD,HEARTLAND EXPRESS INC,Industrials,0.03
WINA,WINMARK CORP,Consumer Discretionary,0.03
AMPH,AMPHASTAR PHARMACEUTICALS INC,Health Care,0.03
PRDO,PERDOCEO EDUCATION CORP,Consumer Discretionary,0.03
VVNT,VIVINT SMART HOME INC CLASS A,Consumer Discretionary,0.03
REPL,REPLIMUNE GROUP INC,Health Care,0.03
JBSS,JOHN B SANFILIPPO AND SON INC,Consumer Staples,0.03
KROS,KEROS THERAPEUTICS INC,Health Care,0.03
GTS,TRIPLE S MANAGEMENT CORP,Health Care,0.03
AAN,AARONS COMPANY INC,Consumer Discretionary,0.03
GDEN,GOLDEN ENTERTAINMENT INC,Consumer Discretionary,0.03
RETA,REATA PHARMACEUTICALS INC CLASS A,Health Care,0.03
MCB,METROPOLITAN BANK HOLDING CORP,Financials,0.03
CLBK,COLUMBIA FINANCIAL INC,Financials,0.03
CLFD,CLEARFIELD INC,Information Technology,0.03
NTUS,NATUS MEDICAL INC,Health Care,0.03
GSAT,GLOBALSTAR VOTING INC,Communication,0.03
FRO,FRONTLINE LTD,Energy,0.03
EBIX,EBIX INC,Information Technology,0.03
BJRI,BJS RESTAURANTS INC,Consumer Discretionary,0.03
TCX,TUCOWS INC,Information Technology,0.03
KIDS,ORTHOPEDIATRICS CORP,Health Care,0.03
GEO,GEO GROUP REIT INC,Real Estate,0.03
BRSP,BRIGHTSPIRE CAPITAL INC CLASS A,Financials,0.03
ATEC,ALPHATEC HOLDNGS INC,Health Care,0.03
GOGO,GOGO INC,Communication,0.03
ACCO,ACCO BRANDS CORP,Industrials,0.03
CRK,COMSTOCK RESOURCES INC,Energy,0.03
NPTN,NEOPHOTONICS CORP,Information Technology,0.03
TTCF,TATTOOED CHEF INC CLASS A,Consumer Staples,0.03
PBI,PITNEY BOWES INC,Industrials,0.03
EFC,ELLINGTON FINANCIAL INC,Financials,0.03
VXRT,VAXART INC,Health Care,0.03
LPI,LAREDO PETROLEUM INC,Energy,0.03
NX,QUANEX BUILDING PRODUCTS CORP,Industrials,0.03
AMSWA,AMERICAN SOFTWARE INC CLASS A,Information Technology,0.03
BTU,PEABODY ENERGY CORP,Energy,0.03
BXC,BLUELINX HOLDINGS INC,Industrials,0.03
PWSC,POWERSCHOOL HOLDINGS INC CLASS A,Consumer Discretionary,0.03
DHT,DHT HOLDINGS INC,Energy,0.03
CSII,CARDIOVASCULAR SYSTEMS INC,Health Care,0.03
UHT,UNIVERSAL HEALTH REALTY INCOME TRU,Real Estate,0.03
HFWA,HERITAGE FINANCIAL CORP,Financials,0.03
SPNT,SIRIUSPOINT LTD,Financials,0.03
RRD,RR DONNELLEY AND SONS,Industrials,0.03
GLT,GLATFELTER CORP,Materials,0.03
VTOL,BRISTOW GROUP INC,Energy,0.03
VIVO,MERIDIAN BIOSCIENCE INC,Health Care,0.03
APTS,PREFERRED APARTMENT COMMUNITIES RE,Real Estate,0.03
INVA,INNOVIVA INC,Health Care,0.03
CCF,CHASE CORP,Materials,0.03
NP,NEENAH INC,Materials,0.03
ITOS,ITEOS THERAPEUTICS INC,Health Care,0.03
FA,FIRST ADVANTAGE CORP,Industrials,0.03
CIO,CITY OFFICE REIT INC,Real Estate,0.03
ARCT,ARCTURUS THERAPEUTICS HOLDINGS INC,Health Care,0.03
CEIX,CONSOL ENERGY INC,Energy,0.03
ZGNX,ZOGENIX INC,Health Care,0.03
HONE,HARBORONE BANCORP INC,Financials,0.03
STRL,STERLING CONSTRUCTION INC,Industrials,0.03
BY,BYLINE BANCORP INC,Financials,0.03
GRWG,GROWGENERATION CORP,Consumer Discretionary,0.03
ARLO,ARLO TECHNOLOGIES INC,Information Technology,0.03
IIIN,INSTEEL INDUSTRIES INC,Industrials,0.03
CVGW,CALAVO GROWERS INC,Consumer Staples,0.03
NSSC,NAPCO SECURITY TECHNOLOGIES INC,Information Technology,0.03
RXT,RACKSPACE TECHNOLOGY INC,Information Technology,0.03
MITK,MITEK SYSTEMS INC,Information Technology,0.03
HWKN,HAWKINS INC,Materials,0.03
FFIC,FLUSHING FINANCIAL CORP,Financials,0.03
SLP,SIMULATIONS PLUS INC,Health Care,0.03
PLBY,PLBY GROUP INC,Consumer Discretionary,0.03
ECOM,CHANNELADVISOR CORP,Information Technology,0.03
MDXG,MIMEDX GROUP INC,Health Care,0.03
TUP,TUPPERWARE BRANDS CORP,Consumer Discretionary,0.03
VRAY,VIEWRAY INC,Health Care,0.03
IDYA,IDEAYA BIOSCIENCES INC,Health Care,0.03
NFBK,NORTHFIELD BANCORP INC,Financials,0.02
HYLN,HYLIION HOLDINGS CORP CLASS A,Industrials,0.02
MYE,MYERS INDUSTRIES INC,Materials,0.02
CRY,CRYOLIFE INC,Health Care,0.02
ACEL,ACCEL ENTERTAINMENT INC CLASS A,Consumer Discretionary,0.02
TRTX,TPG RE FINANCE TRUST INC,Financials,0.02
INSW,INTERNATIONAL SEAWAYS INC,Energy,0.02
MGI,MONEYGRAM INTERNATIONAL INC,Information Technology,0.02
SRRK,SCHOLAR ROCK HOLDING CORP,Health Care,0.02
FMBH,FIRST MID BANCSHARES INC,Financials,0.02
ABTX,ALLEGIANCE BANCSHARES INC,Financials,0.02
UTL,UNITIL CORP,Utilities,0.02
SLCA,US SILICA HOLDINGS INC,Energy,0.02
SCVL,SHOE CARNIVAL INC,Consumer Discretionary,0.02
PUMP,PROPETRO HOLDING CORP,Energy,0.02
DNMR,DANIMER SCIENTIFIC INC CLASS A,Materials,0.02
TEN,TENNECO INC CLASS A,Consumer Discretionary,0.02
CAC,CAMDEN NATIONAL CORP,Financials,0.02
FRTA,FORTERRA INC,Materials,0.02
ACRS,ACLARIS THERAPEUTICS INC,Health Care,0.02
AMBC,AMBAC FINANCIAL GROUP INC,Financials,0.02
CFB,CROSSFIRST BANKSHARES INC,Financials,0.02
CTBI,COMMUNITY TRUST BANCORP INC,Financials,0.02
CTRN,CITI TRENDS INC,Consumer Discretionary,0.02
PAE,PAE INC CLASS A,Industrials,0.02
HTBK,HERITAGE COMMERCE CORP,Financials,0.02
AEVA,AEVA TECHNOLOGIES INC,Information Technology,0.02
CLW,CLEARWATER PAPER CORP,Materials,0.02
GCI,GANNETT CO INC,Communication,0.02
DRQ,DRIL QUIP INC,Energy,0.02
RAD,RITE AID CORP,Consumer Staples,0.02
AGEN,AGENUS INC,Health Care,0.02
CENX,CENTURY ALUMINUM,Materials,0.02
PGC,PEAPACK GLADSTONE FINANCIAL CORP,Financials,0.02
BOOM,DMC GLOBAL INC,Energy,0.02
ANAB,ANAPTYSBIO INC,Health Care,0.02
CRMT,AMERICAS CAR MART INC,Consumer Discretionary,0.02
KREF,KKR REAL ESTATE FINANCE INC TRUST,Financials,0.02
RAPT,RAPT THERAPEUTICS INC,Health Care,0.02
CLAR,CLARUS CORP,Consumer Discretionary,0.02
AVO,MISSION PRODUCE INC,Consumer Staples,0.02
CRAI,CRA INTERNATIONAL INC,Industrials,0.02
GOSS,GOSSAMER BIO INC,Health Care,0.02
STRO,SUTRO BIOPHARMA INC,Health Care,0.02
CPRX,CATALYST PHARMACEUTICALS INC,Health Care,0.02
NUVB,NUVATION BIO INC CLASS A,Health Care,0.02
OSUR,ORASURE TECHNOLOGIES INC,Health Care,0.02
TITN,TITAN MACHINERY INC,Industrials,0.02
MMAT,META MATERIALS INC,Information Technology,0.02
AFMD,AFFIMED NV,Health Care,0.02
BZH,BEAZER HOMES INC,Consumer Discretionary,0.02
SIBN,SI BONE INC,Health Care,0.02
VERI,VERITONE INC,Information Technology,0.02
HSTM,HEALTHSTREAM INC,Health Care,0.02
SNCY,SUN COUNTRY AIRLINES HOLDINGS INC,Industrials,0.02
TSVT,2SEVENTY BIO INC,Health Care,0.02
HNGR,HANGER INC,Health Care,0.02
NEX,NEXTIER OILFIELD SOLUTIONS INC,Energy,0.02
CUTR,CUTERA INC,Health Care,0.02
COLL,COLLEGIUM PHARMACEUTICAL INC,Health Care,0.02
TA,TRAVELCENTERS OF AMERICA INC,Consumer Discretionary,0.02
ATEX,ANTERIX INC,Communication,0.02
YELL,YELLOW CORP,Industrials,0.02
MTW,MANITOWOC INC,Industrials,0.02
BLUE,BLUEBIRD BIO INC,Health Care,0.02
INGN,INOGEN INC,Health Care,0.02
KELYA,KELLY SERVICES INC CLASS A,Industrials,0.02
TRNS,TRANSCAT INC,Industrials,0.02
STNG,SCORPIO TANKERS INC,Energy,0.02
RUTH,RUTHS HOSPITALITY GROUP INC,Consumer Discretionary,0.02
TBPH,THERAVANCE BIOPHARMA INC,Health Care,0.02
CPF,CENTRAL PACIFIC FINANCIAL CORP,Financials,0.02
FORR,FORRESTER RESEARCH INC,Industrials,0.02
TMST,TIMKENSTEEL CORP,Materials,0.02
QUOT,QUOTIENT TECHNOLOGY INC,Consumer Discretionary,0.02
MOV,MOVADO GROUP INC,Consumer Discretionary,0.02
KOP,KOPPERS HOLDINGS INC,Materials,0.02
GPMT,GRANITE POINT MORTGAGE TRUST INC,Financials,0.02
CMRE,COSTAMARE INC,Industrials,0.02
PRTY,PARTY CITY HOLDCO INC,Consumer Discretionary,0.02
NOTV,INOTIV INC,Health Care,0.02
CLDT,CHATHAM LODGING TRUST REIT,Real Estate,0.02
FSP,FRANKLIN STREET PROPERTIES REIT CO,Real Estate,0.02
MGTX,MEIRAGTX HOLDINGS PLC,Health Care,0.02
PRTS,CARPARTS COM INC,Consumer Discretionary,0.02
YORW,YORK WATER,Utilities,0.02
GSBC,GREAT SOUTHERN BANCORP INC,Financials,0.02
DBD,DIEBOLD NIXDORF INC,Information Technology,0.02
CPLG,COREPOINT LODGING INC,Real Estate,0.02
CATC,CAMBRIDGE BANCORP,Financials,0.02
NBR,NABORS INDUSTRIES LTD,Energy,0.02
CMTL,COMTECH TELECOMMUNICATIONS CORP,Information Technology,0.02
ETD,ETHAN ALLEN INTERIORS INC,Consumer Discretionary,0.02
EHTH,EHEALTH INC,Financials,0.02
PFBC,PREFERRED BANK,Financials,0.02
PARR,PAR PACIFIC HOLDINGS INC,Energy,0.02
CHS,CHICOS FAS INC,Consumer Discretionary,0.02
PMVP,PMV PHARMACEUTICALS INC,Health Care,0.02
ACRE,ARES COMMERCIAL REAL ESTATE REIT C,Financials,0.02
TLS,TELOS CORPORATION CORP,Information Technology,0.02
HOV,HOVNANIAN ENTERPRISES INC CLASS A,Consumer Discretionary,0.02
SRDX,SURMODICS INC,Health Care,0.02
EGRX,EAGLE PHARMACEUTICALS INC,Health Care,0.02
DHC,DIVERSIFIED HEALTHCARE TRUST,Real Estate,0.02
MCRB,SERES THERAPEUTICS INC,Health Care,0.02
IDEX,IDEANOMICS INC,Industrials,0.02
DHIL,DIAMOND HILL INVESTMENT GROUP INC,Financials,0.02
RUBY,RUBIUS THERAPEUTICS INC,Health Care,0.02
BFS,SAUL CENTERS REIT INC,Real Estate,0.02
BMRC,BANK OF MARIN BANCORP,Financials,0.02
VSEC,VSE CORP,Industrials,0.02
TR,TOOTSIE ROLL INDUSTRIES INC,Consumer Staples,0.02
WKHS,WORKHORSE GROUP INC,Consumer Discretionary,0.02
HAFC,HANMI FINANCIAL CORP,Financials,0.02
FLWS,1-800 FLOWERS.COM INC CLASS A,Consumer Discretionary,0.02
SP,SP PLUS CORP,Industrials,0.02
PRAX,PRAXIS PRECISION MEDICINES INC,Health Care,0.02
CRSR,CORSAIR GAMING INC,Information Technology,0.02
UBA,URSTADT BIDDLE PROPERTIES REIT INC,Real Estate,0.02
LQDT,LIQUIDITY SERVICES INC,Consumer Discretionary,0.02
OSPN,ONESPAN INC,Information Technology,0.02
CASS,CASS INFORMATION SYSTEMS INC,Information Technology,0.02
NGM,NGM BIOPHARMACEUTICALS INC,Health Care,0.02
SWIM,LATHAM GROUP INC,Consumer Discretionary,0.02
PECO,PHILLIPS EDISON AND COMPANY INC,Real Estate,0.02
HIFS,HINGHAM INSTITUTION FOR SAVINGS,Financials,0.02
YMAB,Y MABS THERAPEUTICS INC,Health Care,0.02
VRS,VERSO CORP CLASS A,Materials,0.02
BRY,BERRY,Energy,0.02
ORC,ORCHID ISLAND CAPITAL INC,Financials,0.02
NWLI,NATIONAL WESTERN LIFE GROUP INC CL,Financials,0.02
NRC,NATIONAL RESEARCH CORP,Health Care,0.02
FMNB,FARMERS NATIONAL BANC CORP,Financials,0.02
ANIK,ANIKA THERAPEUTICS INC,Health Care,0.02
CNSL,CONSOLIDATED COMMUNICATIONS HOLDIN,Communication,0.02
PETQ,PETIQ INC CLASS A,Health Care,0.02
ADV,ADVANTAGE SOLUTIONS INC CLASS A,Communication,0.02
MNMD,MIND MEDICINE SUBORDINATE VOTING I,Health Care,0.02
MBI,MBIA INC,Financials,0.02
TMDX,TRANSMEDICS GROUP INC,Health Care,0.02
RGP,RESOURCES CONNECTION INC,Industrials,0.02
CHUY,CHUYS HOLDINGS INC,Consumer Discretionary,0.02
DX,DYNEX CAPITAL REIT INC,Financials,0.02
FCBC,FIRST COMMUNITY BANKSHARES INC,Financials,0.02
BV,BRIGHTVIEW HOLDINGS INC,Industrials,0.02
TRST,TRUSTCO BANK CORP,Financials,0.02
AGX,ARGAN INC,Industrials,0.02
OLP,ONE LIBERTY PROPERTIES REIT INC,Real Estate,0.02
SRI,STONERIDGE INC,Consumer Discretionary,0.02
HCI,HCI GROUP INC,Financials,0.02
REX,REX AMERICAN RESOURCES CORP,Energy,0.02
MRC,MRC GLOBAL INC,Industrials,0.02
OFIX,ORTHOFIX MEDICAL INC,Health Care,0.02
MBWM,MERCANTILE BANK CORP,Financials,0.02
BFST,BUSINESS FIRST BANCSHARES INC,Financials,0.02
HVT,HAVERTY FURNITURE COMPANIES INC,Consumer Discretionary,0.02
RXRX,RECURSION PHARMACEUTICALS INC CLAS,Health Care,0.02
VUZI,VUZIX CORP,Consumer Discretionary,0.02
FC,FRANKLIN COVEY,Industrials,0.02
CARA,CARA THERAPEUTICS INC,Health Care,0.02
PAYA,PAYA HOLDINGS INC CLASS A,Information Technology,0.02
ACBI,ATLANTIC CAPITAL BANCSHARES INC,Financials,0.02
RMAX,RE MAX HOLDINGS INC CLASS A,Real Estate,0.02
TPIC,TPI COMPOSITES INC,Industrials,0.02
DMRC,DIGIMARC CORP,Information Technology,0.02
THR,THERMON GROUP HOLDINGS INC,Industrials,0.02
MCBS,METROCITY BANKSHARES INC,Financials,0.02
ONEW,ONEWATER MARINE CLASS A INC,Consumer Discretionary,0.02
AKRO,AKERO THERAPEUTICS INC,Health Care,0.02
ATRS,ANTARES PHARMA INC,Health Care,0.02
TPC,TUTOR PERINI CORP,Industrials,0.02
VERV,VERVE THERAPEUTICS INC,Health Care,0.02
RICK,RCI HOSPITALITY HOLDINGS INC,Consumer Discretionary,0.02
ALX,ALEXANDERS REIT INC,Real Estate,0.02
UPLD,UPLAND SOFTWARE INC,Information Technology,0.02
SXC,SUNCOKE ENERGY INC,Materials,0.02
PRPL,PURPLE INNOVATION INC,Consumer Discretionary,0.02
RBNC,RELIANT BANCORP INC,Financials,0.02
BLX,BANCO LATINOAMERICANO DE COMERCIO,Financials,0.02
THFF,FIRST FINANCIAL CORPORATION INDIAN,Financials,0.02
PTVE,PACTIV EVERGREEN INC,Materials,0.02
RBCAA,REPUBLIC BANCORP INC CLASS A,Financials,0.02
INSG,INSEEGO CORP,Information Technology,0.02
VAPO,VAPOTHERM INC,Health Care,0.02
CBTX,CBTX INC,Financials,0.02
KRON,KRONOS BIO INC,Health Care,0.02
STGW,STAGWELL INC CLASS A,Communication,0.02
RMR,RMR GROUP INC CLASS A,Real Estate,0.02
UEIC,UNIVERSAL ELECTRONICS INC,Consumer Discretionary,0.02
MSBI,MIDLAND STATES BANCORP INC,Financials,0.02
AMRK,A MARK PRECIOUS METALS INC,Financials,0.02
ECVT,ECOVYST INC,Materials,0.02
GIC,GLOBAL INDUSTRIAL,Industrials,0.02
KE,KIMBALL ELECTRONICS INC,Information Technology,0.02
UFCS,UNITED FIRE GROUP INC,Financials,0.02
KDNY,CHINOOK THERAPEUTICS INC,Health Care,0.02
CVI,CVR ENERGY INC,Energy,0.02
EBF,ENNIS INC,Industrials,0.02
MOD,MODINE MANUFACTURING,Consumer Discretionary,0.02
IMXI,INTERNATIONAL MONEY EXPRESS INC,Information Technology,0.02
AVIR,ATEA PHARMACEUTICALS INC,Health Care,0.02
PETS,PETMED EXPRESS INC,Consumer Discretionary,0.02
PSNL,PERSONALIS INC,Health Care,0.02
OCUL,OCULAR THERAPEUTIX INC,Health Care,0.02
MCFT,MASTERCRAFT BOAT HOLDINGS INC,Consumer Discretionary,0.02
HCKT,HACKETT GROUP INC,Information Technology,0.02
JOUT,JOHNSON OUTDOORS INC CLASS A,Consumer Discretionary,0.02
OSW,ONESPAWORLD HOLDINGS LTD,Consumer Discretionary,0.02
LIND,LINDBLAD EXPEDITIONS HOLDINGS INC,Consumer Discretionary,0.02
FLIC,FIRST OF LONG ISLAND CORP,Financials,0.02
LXFR,LUXFER HOLDINGS PLC,Industrials,0.02
TPB,TURNING POINT BRANDS INC,Consumer Staples,0.02
WTBA,WEST BANCORPORATION INC,Financials,0.02
AROW,ARROW FINANCIAL CORP,Financials,0.02
CNXN,PC CONNECTION INC,Information Technology,0.02
BBSI,BARRETT BUSINESS SERVICES INC,Industrials,0.02
BTRS,BTRS HOLDINGS INC CLASS,Information Technology,0.02
FISI,FINANCIAL INSTITUTIONS INC,Financials,0.02
INVE,IDENTIV INC,Information Technology,0.02
SRG,SERITAGE GROWTH PROPERTIES CLA,Real Estate,0.02
GRPN,GROUPON INC,Consumer Discretionary,0.02
HCCI,HERITAGE CRYSTAL INC,Industrials,0.02
POWW,AMMO INC,Consumer Discretionary,0.02
GRTS,GRITSTONE BIO INC,Health Care,0.02
FBRT,FRANKLIN BSP REALTY TRUST INC,Financials,0.02
AMK,ASSETMARK FINANCIAL HOLDINGS INC,Financials,0.02
CTLP,CANTALOUPE INC,Information Technology,0.02
CIR,CIRCOR INTERNATIONAL INC,Industrials,0.02
PNTG,PENNANT GROUP INC,Health Care,0.02
SPWH,SPORTSMANS WAREHOUSE HOLDINGS INC,Consumer Discretionary,0.02
LL,LUMBER LIQUIDATORS HOLDINGS INC,Consumer Discretionary,0.02
RMO,ROMEO POWER INC CLASS A,Industrials,0.02
VEC,VECTRUS INC,Industrials,0.02
BOMN,BOSTON OMAHA CORP CLASS A,Communication,0.02
FOSL,FOSSIL GROUP INC,Consumer Discretionary,0.02
DCO,DUCOMMUN INC,Industrials,0.02
DXPE,DXP ENTERPRISES INC,Industrials,0.02
GNK,GENCO SHIPPING AND TRADING LTD,Industrials,0.02
HTBI,HOMETRUST BANCSHARES INC,Financials,0.02
USM,UNITED STATES CELLULAR CORP,Communication,0.02
CENT,CENTRAL GARDEN AND PET,Consumer Staples,0.02
IBCP,INDEPENDENT BANK CORP,Financials,0.02
BW,BABCOCK AND WILCOX ENTERPRISES INC,Industrials,0.02
FMTX,FORMA THERAPEUTICS HLDG INC,Health Care,0.02
WSBF,WATERSTONE FINANCIAL INC,Financials,0.02
LILA,LIBERTY LATIN AMERICA LTD CLASS A,Communication,0.02
SCU,SCULPTOR CAPITAL MANAGEMENT INC CL,Financials,0.02
LAW,CS DISCO INC,Information Technology,0.02
UVE,UNIVERSAL INSURANCE HOLDINGS INC,Financials,0.02
BVH,BLUEGREEN VACATIONS HOLDING CORP C,Consumer Discretionary,0.02
GATO,GATOS SILVER INC,Materials,0.02
HAYN,HAYNES INTERNATIONAL INC,Materials,0.02
LEU,CENTRUS ENERGY CORP CLASS A,Energy,0.02
BFC,BANK FIRST CORP,Financials,0.02
UFPT,UFP TECHNOLOGIES INC,Materials,0.02
ULCC,FRONTIER GROUP HOLDINGS INC,Industrials,0.02
MOFG,MIDWESTONE FINANCIAL GROUP INC,Financials,0.02
AGTI,AGILITI INC,Health Care,0.02
SFST,SOUTHERN FIRST BANCSHARES INC,Financials,0.02
HLX,HELIX ENERGY SOLUTIONS GROUP INC,Energy,0.02
OPY,OPPENHEIMER HOLDINGS NON VOTING IN,Financials,0.02
MBIN,MERCHANTS BANCORP,Financials,0.02
RM,REGIONAL MANAGEMENT CORP,Financials,0.02
ANIP,ANI PHARMACEUTICALS INC,Health Care,0.02
ALVR,ALLOVIR INC,Health Care,0.02
ONTF,ON24 INC,Information Technology,0.02
EQBK,EQUITY BANCSHARES INC CLASS A,Financials,0.02
ATNI,ATN INTERNATIONAL INC,Communication,0.02
MSFUT,CASH COLLATERAL MSFUT USD,Cash and/or Derivatives,0.02
ORMP,ORAMED PHARMACEUTICALS INC,Health Care,0.02
APR,APRIA INC,Health Care,0.02
VBIV,VBI VACCINES INC,Health Care,0.02
FNKO,FUNKO INC CLASS A,Consumer Discretionary,0.02
ZIXI,ZIX CORP,Information Technology,0.02
OOMA,OOMA INC,Communication,0.02
PRVA,PRIVIA HEALTH GROUP INC,Health Care,0.02
WLDN,WILLDAN GROUP INC,Industrials,0.02
KNTE,KINNATE BIOPHARMA INC,Health Care,0.02
IIIV,I3 VERTICALS INC CLASS A,Information Technology,0.02
CMRX,CHIMERIX INC,Health Care,0.02
DJCO,DAILY JOURNAL CORP,Communication,0.02
RYTM,RHYTHM PHARMACEUTICALS INC,Health Care,0.02
AMTX,AEMETIS INC,Energy,0.02
NAPA,DUCKHORN PORTFOLIO INC,Consumer Staples,0.02
KZR,KEZAR LIFE SCIENCES INC,Health Care,0.02
BLFY,BLUE FOUNDRY BANCORP,Financials,0.02
FULC,FULCRUM THERAPEUTICS INC,Health Care,0.02
ARAY,ACCURAY INC,Health Care,0.02
KPTI,KARYOPHARM THERAPEUTICS INC,Health Care,0.02
ARQT,ARCUTIS BIOTHERAPEUTICS INC,Health Care,0.02
AVD,AMER VANGUARD CORP,Materials,0.02
NPK,NATIONAL PRESTO INDUSTRIES INC,Industrials,0.02
CCNE,CNB FINANCIAL CORP,Financials,0.02
OPRT,OPORTUN FINANCIAL CORP,Financials,0.02
CSTR,CAPSTAR FINANCIAL HOLDINGS INC,Financials,0.02
ALXO,ALX ONCOLOGY HOLDINGS INC,Health Care,0.02
LFST,LIFESTANCE HEALTH GROUP INC,Health Care,0.02
CTMX,CYTOMX THERAPEUTICS INC,Health Care,0.02
AMOT,ALLIED MOTION TECHNOLOGIES INC,Industrials,0.02
OMER,OMEROS CORP,Health Care,0.02
GCMG,GCM GROSVENOR INC CLASS A,Financials,0.02
FLYW,FLYWIRE CORP,Information Technology,0.02
VPG,VISHAY PRECISION GROUP INC,Information Technology,0.02
TDW,TIDEWATER INC,Energy,0.02
FDMT,4D MOLECULAR THERAPEUTICS INC,Health Care,0.01
CCB,COASTAL FINANCIAL CORP,Financials,0.01
XPRO,EXPRO GROUP HOLDINGS NV,Energy,0.01
CRGY,CRESCENT ENERGY INC-A,Energy,0.01
IESC,IES INC,Industrials,0.01
RIGL,RIGEL PHARMACEUTICALS INC,Health Care,0.01
AKBA,AKEBIA THERAPEUTICS INC,Health Care,0.01
ALRS,ALERUS FINANCIAL CORP,Financials,0.01
INBK,FIRST INTERNET BANCORP,Financials,0.01
VITL,VITAL FARMS INC,Consumer Staples,0.01
ICPT,INTERCEPT PHARMACEUTICALS INC,Health Care,0.01
DTIL,PRECISION BIOSCIENCES INC,Health Care,0.01
ATOM,ATOMERA INC,Information Technology,0.01
APEI,AMERICAN PUBLIC EDUCATION INC,Consumer Discretionary,0.01
HY,HYSTER YALE MATERIALS HANDLING INC,Industrials,0.01
GTHX,G1 THERAPEUTICS INC,Health Care,0.01
ATHA,ATHIRA PHARMA INC,Health Care,0.01
TSAT,TELESAT CLASS B VARIABLE VOTING CO,Financials,0.01
MPB,MID PENN BANCORP INC,Financials,0.01
BGFV,BIG SPORTING GOODS CORP,Consumer Discretionary,0.01
ROCC,PENN VA CORP,Energy,0.01
TWI,TITAN INTERNATIONAL INC,Industrials,0.01
MVBF,MVB FINANCIAL CORP,Financials,0.01
CLSK,CLEANSPARK INC,Information Technology,0.01
CPSI,COMPUTER PROGRAMS AND SYSTEMS INC,Health Care,0.01
DMTK,DERMTECH INC,Health Care,0.01
LLNW,LIMELIGHT NETWORKS INC,Information Technology,0.01
RBBN,RIBBON COMMUNICATIONS INC,Information Technology,0.01
BHB,BAR HARBOR BANKSHARES,Financials,0.01
GERN,GERON CORP,Health Care,0.01
GNOG,GOLDEN NUGGET ONLINE GAMING INC CL,Consumer Discretionary,0.01
MRSN,MERSANA THERAPEUTICS INC,Health Care,0.01
IPI,INTREPID POTASH INC,Materials,0.01
WSR,WHITESTONE REIT,Real Estate,0.01
CGEM,CULLINAN ONCOLOGY INC,Health Care,0.01
NDLS,NOODLES CLASS A,Consumer Discretionary,0.01
CRIS,CURIS INC,Health Care,0.01
ANNX,ANNEXON INC,Health Care,0.01
VSTM,VERASTEM INC,Health Care,0.01
SPNE,SEASPINE HOLDINGS CORP,Health Care,0.01
AMRX,AMNEAL PHARMACEUTICALS INC CLASS A,Health Care,0.01
ORIC,ORIC PHARMACEUTICALS INC,Health Care,0.01
PAHC,PHIBRO ANIMAL HEALTH CORP CLASS A,Health Care,0.01
MCS,THE MARCUS CORP,Communication,0.01
FREE,WHOLE EARTH BRANDS INC CLASS A,Consumer Staples,0.01
BCOV,BRIGHTCOVE INC,Information Technology,0.01
AMNB,AMERICAN NATIONAL BANKSHARES INC,Financials,0.01
VIEW,VIEW INC CLASS A,Industrials,0.01
EVC,ENTRAVISION COMMUNICATIONS CORP CL,Communication,0.01
VERU,VERU INC,Consumer Staples,0.01
SMBC,SOUTHERN MISSOURI BANCORP INC,Financials,0.01
CZNC,CITIZENS AND NORTHERN CORP,Financials,0.01
APYX,APYX MEDICAL CORP,Health Care,0.01
CARE,CARTER BANKSHARES TRUST,Financials,0.01
FRPH,FRP HOLDINGS INC,Real Estate,0.01
BTAI,BIOXCEL THERAPEUTICS INC,Health Care,0.01
RIDE,LORDSTOWN MOTORS CORP CLASS A,Consumer Discretionary,0.01
MRNS,MARINUS PHARMACEUTICALS INC,Health Care,0.01
DSKE,DASEKE INC,Industrials,0.01
DYN,DYNE THERAPEUTICS INC,Health Care,0.01
ALTO,ALTO INGREDIENTS INC,Energy,0.01
RXDX,PROMETHEUS BIOSCIENCES INC,Health Care,0.01
PHAT,PHATHOM PHARMACEUTICALS INC,Health Care,0.01
IBRX,IMMUNITYBIO INC,Health Care,0.01
VLDR,VELODYNE LIDAR INC,Information Technology,0.01
STOK,STOKE THERAPEUTICS INC,Health Care,0.01
LPG,DORIAN LPG LTD,Energy,0.01
KNSA,KINIKSA PHARMACEUTICALS LTD CLASS,Health Care,0.01
EZPW,EZCORP NON VOTING INC CLASS A,Financials,0.01
KBAL,KIMBALL INTERNATIONAL INC CLASS B,Industrials,0.01
CONN,CONNS INC,Consumer Discretionary,0.01
STXB,SPIRIT OF TEXAS BANCSHARES INC,Financials,0.01
BSRR,SIERRA BANCORP,Financials,0.01
TLYS,TILLYS INC CLASS A,Consumer Discretionary,0.01
TCMD,TACTILE SYSTEMS TECHNOLOGY INC,Health Care,0.01
RYI,RYERSON HOLDING CORP,Materials,0.01
BWB,BRIDGEWATER BANCSHARES INC,Financials,0.01
HEAR,TURTLE BEACH CORP,Information Technology,0.01
FOR,FORESTAR GROUP INC,Real Estate,0.01
TACO,DEL TACO RESTAURANTS INC,Consumer Discretionary,0.01
CCBG,CAPITAL CITY BANK INC,Financials,0.01
AMTI,APPLIED MOLECULAR TRANSPORT,Health Care,0.01
SIGA,SIGA TECHNOLOGIES INC,Health Care,0.01
CTT,CATCHMARK TIMBER TRUST INC CLASS A,Real Estate,0.01
SMBK,SMARTFINANCIAL INC,Financials,0.01
WTTR,SELECT ENERGY SERVICES INC CLASS A,Energy,0.01
ALBO,ALBIREO PHARMA INC,Health Care,0.01
TRC,TEJON RANCH,Real Estate,0.01
NESR,NATIONAL ENERGY SERVICES REUNITED,Energy,0.01
XXII,22ND CENTURY GROUP INC,Consumer Staples,0.01
FRST,PRIMIS FINANCIAL CORP,Financials,0.01
RBB,RBB BANCORP,Financials,0.01
ALT,ALTIMMUNE INC,Health Care,0.01
DCPH,DECIPHERA PHARMACEUTICALS INC,Health Care,0.01
GAN,GAN LTD,Consumer Discretionary,0.01
ALHC,ALIGNMENT HEALTHCARE INC,Health Care,0.01
BVS,BIOVENTUS CLASS A INC,Health Care,0.01
PLRX,PLIANT THERAPEUTICS INC,Health Care,0.01
PGEN,PRECIGEN INC,Health Care,0.01
OFLX,OMEGA FLEX INC,Industrials,0.01
VTGN,VISTAGEN THERAPEUTICS INC,Health Care,0.01
IAS,INTEGRAL AD SCIENCE HOLDING CORP,Communication,0.01
OSBC,OLD SECOND BANCORP INC,Financials,0.01
XMTR,XOMETRY INC CLASS A,Consumer Discretionary,0.01
EGLE,EAGLE BULK SHIPPING INC,Industrials,0.01
AERI,AERIE PHARMACEUTICALS INC,Health Care,0.01
MLR,MILLER INDUSTRIES INC,Industrials,0.01
FLL,FULL HOUSE RESORTS INC,Consumer Discretionary,0.01
TALO,TALOS ENERGY INC,Energy,0.01
APPH,APPHARVEST INC,Consumer Staples,0.01
DNUT,KRISPY KREME INC,Consumer Discretionary,0.01
TCS,CONTAINER STORE GROUP INC,Consumer Discretionary,0.01
PFIS,PEOPLES FINANCIAL SERVICES CORP,Financials,0.01
ORGO,ORGANOGENESIS HOLDINGS INC CLASS A,Health Care,0.01
ARTNA,ARTESIAN RESOURCES CORP CLASS A,Utilities,0.01
GNUS,GENIUS BRANDS INTERNATIONAL INC,Consumer Discretionary,0.01
CIVB,CIVISTA BANCSHARES INC,Financials,0.01
ALDX,ALDEYRA THERAPEUTICS INC,Health Care,0.01
GEFB,GREIF INC CLASS B,Materials,0.01
CUE,CUE BIOPHARMA INC,Health Care,0.01
RUSHB,RUSH ENTERPRISES INC CLASS B,Industrials,0.01
CATO,CATO CORP CLASS A,Consumer Discretionary,0.01
FHTX,FOGHORN THERAPEUTICS,Health Care,0.01
REVG,REV GROUP INC,Industrials,0.01
CAMP,CALAMP CORP,Information Technology,0.01
KOPN,KOPIN CORP,Information Technology,0.01
CTOS,CUSTOM TRUCK ONE SOURCE INC,Industrials,0.01
CNTY,CENTURY CASINOS INC,Consumer Discretionary,0.01
CURO,CURO GROUP HOLDINGS CORP,Financials,0.01
MPAA,MOTORCAR PARTS OF AMERICA INC,Consumer Discretionary,0.01
FPI,FARMLAND PARTNERS INC,Real Estate,0.01
INDT,INDUS REALTY TRUST INC,Real Estate,0.01
PCT,PURECYCLE TECHNOLOGIES INC,Materials,0.01
EOSE,EOS ENERGY ENTERPRISES INC CLASS A,Industrials,0.01
UTMD,UTAH MEDICAL PRODUCTS INC,Health Care,0.01
PRVB,PROVENTION BIO INC,Health Care,0.01
RYAM,RAYONIER ADVANCED MATERIALS INC,Materials,0.01
AXGN,AXOGEN INC,Health Care,0.01
EBTC,ENTERPRISE BANCORP INC,Financials,0.01
ATLC,ATLANTICUS HOLDINGS CORP,Financials,0.01
CPS,COOPER STANDARD HOLDINGS INC,Consumer Discretionary,0.01
KRO,KRONOS WORLDWIDE INC,Materials,0.01
MASS,908 DEVICES,Information Technology,0.01
HBMD,HOWARD BANCORP INC,Financials,0.01
ABUS,ARBUTUS BIOPHARMA CORP,Health Care,0.01
TRHC,TABULA RASA HEALTHCARE INC,Health Care,0.01
CTO,CTO REALTY GROWTH INC,Real Estate,0.01
CRBU,CARIBOU BIOSCIENCES INC,Health Care,0.01
VKTX,VIKING THERAPEUTICS INC,Health Care,0.01
OCN,OCWEN FINANCIAL CORP,Financials,0.01
TIL,INSTIL BIO INC,Health Care,0.01
BCAB,BIOATLA INC,Health Care,0.01
AXTI,AXT INC,Information Technology,0.01
HBCP,HOME BANCORP INC,Financials,0.01
FNLC,FIRST BANCORP INC,Financials,0.01
SPRO,SPERO THERAPEUTICS INC,Health Care,0.01
RDUS,RADIUS HEALTH INC,Health Care,0.01
TRUE,TRUECAR INC,Communication,0.01
CLVS,CLOVIS ONCOLOGY INC,Health Care,0.01
BRBS,BLUE RIDGE BANKSHARES INC,Financials,0.01
TSHA,TAYSHA GENE THERAPIES INC,Health Care,0.01
UFI,UNIFI INC,Consumer Discretionary,0.01
IMVT,IMMUNOVANT INC,Health Care,0.01
SENEA,SENECA FOODS CORP CLASS A,Consumer Staples,0.01
NVEC,NVE CORP,Information Technology,0.01
CVLG,COVENANT LOGISTICS GROUP INC CLASS,Industrials,0.01
RLMD,RELMADA THERAPEUTICS INC,Health Care,0.01
EYPT,EYEPOINT PHARMACEUTICALS INC,Health Care,0.01
MAX,MEDIAALPHA INC CLASS A,Communication,0.01
CVM,CEL SCI CORP,Health Care,0.01
TTI,TETRA TECHNOLOGIES INC,Energy,0.01
AUD,AUDACY INC CLASS A,Communication,0.01
SMMF,SUMMIT FINANCIAL GROUP INC,Financials,0.01
OIS,OIL STATES INTERNATIONAL INC,Energy,0.01
COGT,COGENT BIOSCIENCES INC,Health Care,0.01
ACET,ADICET BIO INC,Health Care,0.01
TIPT,TIPTREE INC,Financials,0.01
CIA,CITIZENS INC CLASS A,Financials,0.01
INFU,INFUSYSTEM HOLDINGS INC,Health Care,0.01
AMSC,AMERICAN SUPERCONDUCTOR CORP,Industrials,0.01
WTI,W AND T OFFSHORE INC,Energy,0.01
NWPX,NORTHWEST PIPE,Industrials,0.01
AKTS,AKOUSTIS TECHNOLOGIES INC,Information Technology,0.01
RES,RPC INC,Energy,0.01
INS,INTELLIGENT SYSTEMS CORP,Information Technology,0.01
TG,TREDEGAR CORP,Materials,0.01
FLDM,FLUIDIGM CORP,Health Care,0.01
NAT,NORDIC AMERICAN TANKERS LTD,Energy,0.01
AJX,GREAT AJAX CORP,Financials,0.01
GNTY,GUARANTY BANCSHARES INC,Financials,0.01
RCEL,AVITA THERAPEUTICS INC,Health Care,0.01
QMCO,QUANTUM CORP,Information Technology,0.01
CTKB,CYTEK BIOSCIENCES INC,Health Care,0.01
EVER,EVERQUOTE INC CLASS A,Communication,0.01
ICVX,ICOSAVAX INC,Health Care,0.01
SPFI,SOUTH PLAINS FINANCIAL INC,Financials,0.01
COOK,TRAEGER INC,Consumer Discretionary,0.01
IRMD,IRADIMED CORP,Health Care,0.01
SELB,SELECTA BIOSCIENCES INC,Health Care,0.01
STXS,STEREOTAXIS INC,Health Care,0.01
AOUT,AMERICAN OUTDOOR BRANDS INC,Consumer Discretionary,0.01
GBIO,GENERATION BIO,Health Care,0.01
BATRA,LIBERTY MEDIA LIBERTY BRAVES CORP,Communication,0.01
PVBC,PROVIDENT BANCORP INC,Financials,0.01
HT,HERSHA HOSPITALITY REIT TRUST CLAS,Real Estate,0.01
SNPO,SNAP ONE HOLDINGS CORP,Consumer Discretionary,0.01
ERAS,ERASCA INC,Health Care,0.01
ASXC,ASENSUS SURGICAL INC,Health Care,0.01
DSGN,DESIGN THERAPEUTICS INC,Health Care,0.01
TNYA,TENAYA THERAPEUTICS INC,Health Care,0.01
LNDC,LANDEC CORP,Consumer Staples,0.01
THRY,THRYV HOLDINGS INC,Communication,0.01
POWL,POWELL INDUSTRIES INC,Industrials,0.01
LUNA,LUNA INNOVATIONS INC,Information Technology,0.01
INST,INSTRUCTURE HOLDINGS INC,Information Technology,0.01
EWCZ,EUROPEAN WAX CENTER INC CLASS A,Consumer Discretionary,0.01
BNED,BARNES AND NOBLE EDUCATION INC,Consumer Discretionary,0.01
GHL,GREENHILL INC,Financials,0.01
HOFT,HOOKER FURNISHINGS CORP,Consumer Discretionary,0.01
LXRX,LEXICON PHARMACEUTICALS INC,Health Care,0.01
PCYO,PURE CYCLE CORP,Utilities,0.01
KRUS,KURA SUSHI USA INC,Consumer Discretionary,0.01
HBIO,HARVARD BIOSCIENCE INC,Health Care,0.01
MLNK,MERIDIANLINK INC,Information Technology,0.01
KALV,KALVISTA PHARMACEUTICALS INC,Health Care,0.01
SSTI,SHOTSPOTTER INC,Information Technology,0.01
LE,LAND END INC,Consumer Discretionary,0.01
TNK,TEEKAY TANKERS LTD CLASS A,Energy,0.01
EVCM,EVERCOMMERCE INC,Information Technology,0.01
EPZM,EPIZYME INC,Health Care,0.01
ORRF,ORRSTOWN FINANCIAL SERVICES INC,Financials,0.01
ITIC,INVESTORS TITLE,Financials,0.01
PKE,PARK AEROSPACE CORP,Industrials,0.01
ZIOP,ZIOPHARM ONCOLOGY INC,Health Care,0.01
LOCO,EL POLLO LOCO INC,Consumer Discretionary,0.01
SOLY,SOLITON INC,Health Care,0.01
NRIM,NORTHRIM BANCORP INC,Financials,0.01
ALGS,ALIGOS THERAPEUTICS INC,Health Care,0.01
IHC,INDEPENDENCE HOLDING,Financials,0.01
NR,NEWPARK RESOURCES INC,Energy,0.01
JANX,JANUX THERAPEUTICS INC,Health Care,0.01
BNFT,BENEFITFOCUS INC,Information Technology,0.01
ALTG,ALTA EQUIPMENT GROUP INC CLASS A,Industrials,0.01
STKS,ONE GROUP HOSPITALITY INC,Consumer Discretionary,0.01
RLGT,RADIANT LOGISTIC INC,Industrials,0.01
LCTX,LINEAGE CELL THERAPEUTICS INC,Health Care,0.01
URG,UR ENERGY INC,Energy,0.01
BYRN,BYRNA TECHNOLOGIES INC,Industrials,0.01
MEIP,MEI PHARMA INC,Health Care,0.01
BHG,BRIGHT HEALTH GROUP INC,Financials,0.01
ATRO,ASTRONICS CORP,Industrials,0.01
HFFG,HF FOODS GROUP INC,Consumer Staples,0.01
BLBD,BLUE BIRD CORP,Industrials,0.01
RRGB,RED ROBIN GOURMET BURGERS INC,Consumer Discretionary,0.01
USLM,UNITED STATES LIME AND MINERALS IN,Materials,0.01
RMNI,RIMINI STREET INC,Information Technology,0.01
PTSI,PAM TRANSPORTATION SERVICES INC,Industrials,0.01
AVAH,AVEANNA HEALTHCARE HOLDINGS INC,Health Care,0.01
RRBI,RED RIVER BANCSHARES INC,Financials,0.01
IEA,INFRASTRUCTURE AND ENERGY ALTERNAT,Industrials,0.01
PCSB,PCSB FINANCIAL CORP,Financials,0.01
PASG,PASSAGE BIO INC,Health Care,0.01
FSBW,FS BANCORP INC,Financials,0.01
SGC,SUPERIOR GROUP OF COMPANIES INC,Consumer Discretionary,0.01
JNCE,JOUNCE THERAPEUTICS INC,Health Care,0.01
SPPI,SPECTRUM PHARMACEUTICALS INC,Health Care,0.01
BDSI,BIODELIVERY SCIENCES INTERNATIONAL,Health Care,0.01
CSTE,CAESARSTONE LTD,Industrials,0.01
INTA,INTAPP INC,Information Technology,0.01
CVGI,COMMERCIAL VEHICLE GROUP INC,Industrials,0.01
CMBM,CAMBIUM NETWORKS CORP,Information Technology,0.01
RCKY,ROCKY BRANDS INC,Consumer Discretionary,0.01
EWTX,EDGEWISE THERAPEUTICS INC,Health Care,0.01
ACTG,ACACIA RESEARCH CORP,Industrials,0.01
FUV,ARCIMOTO INC,Consumer Discretionary,0.01
DZSI,DZS INC,Information Technology,0.01
ESTE,EARTHSTONE ENERGY INC CLASS A,Energy,0.01
EMKR,EMCORE CORP,Information Technology,0.01
BHR,BRAEMAR HOTELS RESORTS INC,Real Estate,0.01
AMAL,AMALGAMATED FINANCIAL,Financials,0.01
VRA,VERA BRADLEY INC,Consumer Discretionary,0.01
CRTX,CORTEXYME INC,Health Care,0.01
STTK,SHATTUCK LABS INC,Health Care,0.01
EVLO,EVELO BIOSCIENCES INC,Health Care,0.01
BASE,COUCHBASE INC,Information Technology,0.01
VOR,VOR BIOPHARMA INC,Health Care,0.01
LAWS,LAWSON PRODUCTS INC,Industrials,0.01
SMSI,SMITH MICRO SOFTWARE INC,Information Technology,0.01
FRBA,FIRST BANK,Financials,0.01
FTSI,FTS INTERNATIONAL INC,Energy,0.01
KODK,EASTMAN KODAK,Information Technology,0.01
MCBC,MACATAWA BANK CORP,Financials,0.01
NUVL,NUVALENT INC CLASS A,Health Care,0.01
NATR,NATURES SUNSHINE PRODUCTS INC,Consumer Staples,0.01
SIEN,SIENTRA INC,Health Care,0.01
ATOS,ATOSSA THERAPEUTICS INC,Health Care,0.01
OLMA,OLEMA PHARMACEUTICALS INC,Health Care,0.01
IGMS,IGM BIOSCIENCES INC,Health Care,0.01
FXLV,F45 TRAINING HOLDINGS INC,Consumer Discretionary,0.01
LMNR,LIMONEIRA,Consumer Staples,0.01
SB,SAFE BULKERS INC,Industrials,0.01
PLSE,PULSE BIOSCIENCES INC,Health Care,0.01
FDBC,FIDELITY D AND D BANCORP INC,Financials,0.01
SCOR,COMSCORE INC,Communication,0.01
KMPH,KEMPHARM INC,Health Care,0.01
PAVM,PAVMED INC,Health Care,0.01
CBAY,CYMABAY THERAPEUTICS INC,Health Care,0.01
CBNK,CAPITAL BANCORP INC,Financials,0.01
TARS,TARSUS PHARMACEUTICALS INC,Health Care,0.01
SQZ,SQZ BIOTECHNOLOGIES COMPANY,Health Care,0.01
CLPT,CLEARPOINT NEURO INC,Health Care,0.01
TK,TEEKAY CORP,Energy,0.01
LBC,LUTHER BURBANK CORP,Financials,0.01
KIRK,KIRKLANDS INC,Consumer Discretionary,0.01
CRDF,CARDIFF ONCOLOGY INC,Health Care,0.01
SGHT,SIGHT SCIENCES INC,Health Care,0.01
BRT,BRT APARTMENTS CORP,Real Estate,0.01
SFT,SHIFT TECHNOLOGIES INC CLASS A,Consumer Discretionary,0.01
PSTL,POSTAL REALTY TRUST INC CLASS A,Real Estate,0.01
GLUE,MONTE ROSA THERAPEUTICS INC,Health Care,0.01
MHLD,MAIDEN HOLDINGS LTD,Financials,0.01
DGICA,DONEGAL GROUP INC CLASS A,Financials,0.01
ZEUS,OLYMPIC STEEL INC,Materials,0.01
LYEL,LYELL IMMUNOPHARMA INC,Health Care,0.01
LCUT,LIFETIME BRANDS INC,Consumer Discretionary,0.01
AVNW,AVIAT NETWORKS INC,Information Technology,0.01
MESA,MESA AIR GROUP INC,Industrials,0.01
ATHX,ATHERSYS INC,Health Care,0.01
REKR,REKOR SYSTEMS INC,Information Technology,0.01
INFI,INFINITY PHARMACEUTICALS INC,Health Care,0.01
DRRX,DURECT CORP,Health Care,0.01
EGAN,EGAIN CORP,Information Technology,0.01
LEGH,LEGACY HOUSING CORP,Consumer Discretionary,0.01
ALTM,ALTUS MIDSTREAM CLASS A,Energy,0.01
AKUS,AKOUOS INC,Health Care,0.01
SYRS,SYROS PHARMACEUTICALS INC,Health Care,0.01
BBCP,CONCRETE PUMPING HOLDINGS INC,Industrials,0.01
HGEN,HUMANIGEN INC,Health Care,0.01
DAWN,DAY ONE BIOPHARMACEUTICALS INC,Health Care,0.01
GWRS,GLOBAL WATER RESOURCES INC,Utilities,0.01
MRLN,MARLIN BUSINESS SERVICES CORP,Financials,0.01
NKTX,NKARTA INC,Health Care,0.01
CDAK,CODIAK BIOSCIENCES,Health Care,0.01
GTYH,GTY TECHNOLOGY HOLDINGS INC,Information Technology,0.01
NLS,NAUTILUS INC,Consumer Discretionary,0.01
SOI,SOLARIS OILFIELD INFRASTRUCTURE IN,Energy,0.01
PRTK,PARATEK PHARMACEUTICALS INC,Health Care,0.01
FF,FUTUREFUEL CORP,Materials,0.01
FLXS,FLEXSTEEL INDUSTRIES INC,Consumer Discretionary,0.01
EBET,ESPORTS TECHNOLOGIES INC,Consumer Discretionary,0.01
VMD,VIEMED HEALTHCARE INC,Health Care,0.01
CDXC,CHROMADEX CORP,Health Care,0.01
BEEM,BEAM GLOBAL,Industrials,0.01
MTRX,MATRIX SERVICE,Industrials,0.01
PSTX,POSEIDA THERAPEUTICS INC,Health Care,0.01
ZYXI,ZYNEX INC,Health Care,0.01
HNST,THE HONEST COMPANY INC,Consumer Staples,0.01
IMGO,IMAGO BIOSCIENCES INC,Health Care,0.01
WEBR,WEBER INC CLASS A,Consumer Discretionary,0.01
URGN,UROGEN PHARMA LTD,Health Care,0.01
CTXR,CITIUS PHARMACEUTICALS INC,Health Care,0.01
CSPR,CASPER SLEEP INC,Consumer Discretionary,0.01
FLMN,FALCON MINERALS CORP CLASS A,Energy,0.01
GLRE,GREENLIGHT CAPITAL LTD CLASS A,Financials,0.01
NMTR,9 METERS BIOPHARMA INC,Health Care,0.01
DLTH,DULUTH HOLDINGS INC CLASS B,Consumer Discretionary,0.01
VHC,VIRNETX HOLDING CORP,Information Technology,0.01
DRIO,DARIOHEALTH CORP,Health Care,0.01
EOLS,EVOLUS INC,Health Care,0.01
FBIO,FORTRESS BIOTECH INC,Health Care,0.01
SURF,SURFACE ONCOLOGY INC,Health Care,0.01
LOTZ,CARLOTZ INC CLASS A,Consumer Discretionary,0.01
CECE,CECO ENVIRONMENTAL CORP,Industrials,0.01
FSBC,FIVE STAR BANCORP,Financials,0.01
NNBR,NN INC,Industrials,0.01
CRMD,CORMEDIX INC,Health Care,0.01
DAKT,DAKTRONICS INC,Information Technology,0.01
FRGI,FIESTA RESTAURANT GROUP INC,Consumer Discretionary,0.01
VLGEA,VILLAGE SUPER MARKET INC CLASS A,Consumer Staples,0.01
PLPC,PREFORMED LINE PRODUCTS,Industrials,0.01
EIGR,EIGER BIOPHARMACEUTICALS INC,Health Care,0.01
OUST,OUSTER INC CLASS A,Information Technology,0.01
AFCG,AFC GAMMA INC,Financials,0.01
FIXX,HOMOLOGY MEDICINES INC,Health Care,0.01
XPOF,XPONENTIAL FITNESS INC CLASS A,Consumer Discretionary,0.01
CSLT,CASTLIGHT HEALTH INC CLASS B,Health Care,0.01
TMCI,TREACE MEDICAL CONCEPTS INC,Health Care,0.01
GRPH,GRAPHITE BIO INC,Health Care,0.01
CTSO,CYTOSORBENTS CORP,Health Care,0.01
AGS,PLAYAGS INC,Consumer Discretionary,0.01
IMRX,IMMUNEERING CORP CLASS A,Health Care,0.01
SESN,SESEN BIO INC,Health Care,0.01
XBIT,XBIOTECH INC,Health Care,0.01
IPSC,CENTURY THERAPEUTICS INC,Health Care,0.01
NLTX,NEOLEUKIN THERAPEUTICS INC,Health Care,0.01
HBT,HBT FINANCIAL INC,Financials,0.01
APLT,APPLIED THERAPEUTICS INC,Health Care,0.01
AHT,ASHFORD HOSPITALITY TRUST REIT INC,Real Estate,0.01
VOXX,VOXX INTERNATIONAL CORP CLASS A,Consumer Discretionary,0.01
BSET,BASSETT FURNITURE INDUSTRIES INC,Consumer Discretionary,0.01
VATE,INNOVATE CORP,Industrials,0.01
PKOH,PARK OHIO HOLDINGS CORP,Industrials,0.01
EVI,EVI INDUSTRIES INC,Industrials,0.01
FREQ,FREQUENCY THERAPEUTICS INC,Health Care,0.01
LTRPA,LIBERTY TRIPADVISOR HOLDINGS INC S,Communication,0.01
IMUX,IMMUNIC INC,Health Care,0.01
NODK,NI HOLDINGS INC,Financials,0.01
ESCA,ESCALADE INC,Consumer Discretionary,0.01
CURI,CURIOSITYSTREAM CLASS A,Communication,0.01
HRTG,HERITAGE INSURANCE HOLDINGS INC,Financials,0.01
SCWX,SECUREWORKS CLASS A CORP,Information Technology,0.01
ODC,OIL DRI CORPORATION OF AMERICA,Consumer Staples,0.01
NGMS,NEOGAMES S A,Consumer Discretionary,0.01
ITI,ITERIS INC,Information Technology,0.01
SEEL,SEELOS THERAPEUTICS INC,Health Care,0.01
CASA,CASA SYSTEMS INC,Information Technology,0.01
NCMI,NATIONAL CINEMEDIA INC,Communication,0.01
VERA,VERA THERAPEUTICS INC CLASS A,Health Care,0.01
ADVM,ADVERUM BIOTECHNOLOGIES INC,Health Care,0.01
ASLE,AERSALE CORP,Industrials,0.01
TCRR,TCR2 THERAPEUTICS INC,Health Care,0.01
TXMD,THERAPEUTICSMD INC,Health Care,0.01
TNXP,TONIX PHARMACEUTICALS HOLDING CORP,Health Care,0.01
MXCT,MAXCYTE INC,Health Care,0.01
FOA,FINANCE OF AMERICA COMPANIES INC C,Financials,0.01
PZN,PZENA INVESTMENT MANAGEMENT INC CL,Financials,0.01
INNV,INNOVAGE HOLDING CORP,Health Care,0.01
AGLE,AEGLEA BIOTHERAPEUTICS INC,Health Care,0.01
MG,MISTRAS GROUP INC,Industrials,0.01
QTNT,QUOTIENT LTD,Health Care,0.01
TIG,TREAN INSURANCE GROUP INC,Financials,0.01
NATH,NATHANS FAMOUS INC,Consumer Discretionary,0.01
FTCI,FTC SOLAR INC,Industrials,0.01
ZY,ZYMERGEN INC,Materials,0.01
LAZY,LAZYDAYS HOLDINGS INC,Consumer Discretionary,0.01
FORA,FORIAN INC,Health Care,0.01
BTX,BROOKLYN IMMUNOTHERAPEUTICS INC,Health Care,0.01
AXDX,ACCELERATE DIAGNOSTICS INC,Health Care,0.01
IKNA,IKENA ONCOLOGY INC,Health Care,0.01
MGTA,MAGENTA THERAPEUTICS INC,Health Care,0.01
FRBK,REPUBLIC FIRST BANCORP INC,Financials,0.01
ICAD,ICAD INC,Health Care,0.01
OYST,OYSTER POINT PHARMA INC,Health Care,0.01
AOMR,ANGEL OAK MORTGAGE INC,Financials,0.01
ALPN,ALPINE IMMUNE SCIENCES INC,Health Care,0.01
PRLD,PRELUDE THERAPEUTICS INC,Health Care,0
CURV,TORRID HOLDINGS INC,Consumer Discretionary,0
ALKT,ALKAMI TECHNOLOGY INC,Information Technology,0
GBL,GAMCO INVESTORS INC CLASS A,Financials,0
NBEV,NEWAGE INC,Consumer Staples,0
OMIC,SINGULAR GENOMICS SYSTEMS INC,Health Care,0
VIA,VIA RENEWABLES INC CLASS A,Utilities,0
USX,U S XPRESS ENTERPRISES INC CLASS A,Industrials,0
ABSI,ABSCI CORP,Health Care,0
ADN,ADVENT TECHNOLOGIES HOLDINGS INC C,Industrials,0
XL,XL FLEET CORP CLASS A,Consumer Discretionary,0
ESPR,ESPERION THERAPEUTICS INC,Health Care,0
OCX,ONCOCYTE CORP,Health Care,0
IBIO,IBIO INC,Health Care,0
MTEM,MOLECULAR TEMPLATES INC,Health Care,0
VINC,VINCERX PHARMA INC,Health Care,0
SBTX,SILVERBACK THERAPEUTICS INC,Health Care,0
PBFS,PIONEER BANCORP INC,Financials,0
ADGI,ADAGIO THERAPEUTICS INC,Health Care,0
NGVC,NATURAL GROCERS BY VITAMIN COTTAGE,Consumer Staples,0
TKNO,ALPHA TEKNOVA INC,Health Care,0
MBIO,MUSTANG BIO INC,Health Care,0
MEC,MAYVILLE ENGINEERING COMPANY INC,Industrials,0
ULH,UNIVERSAL LOGISTICS INC,Industrials,0
VIRX,VIRACTA THERAPEUTICS INC,Health Care,0
TALS,TALARIS THERAPEUTICS INC,Health Care,0
AVRO,AVROBIO INC,Health Care,0
CELC,CELCUITY INC,Health Care,0
DS,DRIVE SHACK REIT INC,Consumer Discretionary,0
KVHI,KVH INDUSTRIES INC,Information Technology,0
OTLK,OUTLOOK THERAPEUTICS INC,Health Care,0
WVE,WAVE LIFE SCIENCES LTD,Health Care,0
XOMA,XOMA CORP,Health Care,0
AMPE,AMPIO PHARMACEUTICALS INC,Health Care,0
UAVS,AGEAGLE AERIAL SYS INC,Industrials,0
ATNX,ATHENEX INC,Health Care,0
RVI,RETAIL VALUE INC,Real Estate,0
HARP,HARPOON THERAPEUTICS INC,Health Care,0
AQB,AQUABOUNTY TECHNOLOGIES INC,Health Care,0
AVTE,AEROVATE THERAPEUTICS INC,Health Care,0
SKYT,SKYWATER TECHNOLOGY INC,Information Technology,0
CRDA,CRAWFORD CLASS A,Financials,0
BDTX,BLACK DIAMOND THERAPEUTICS INC,Health Care,0
ATER,ATERIAN INC,Consumer Discretionary,0
JOAN,JOANN INC,Consumer Discretionary,0
ETNB,89BIO INC,Health Care,0
AWH,ASPIRA WOMENS HEALTH INC,Health Care,0
VRCA,VERRICA PHARMACEUTICALS INC,Health Care,0
RVP,RETRACTABLE TECHNOLOGIES INC,Health Care,0
BH,BIGLARI HOLDINGS INCINARY CLASS B,Consumer Discretionary,0
VEL,VELOCITY FINANCIAL INC,Financials,0
PPTA,PERPETUA RESOURCES CORP,Materials,0
TRVN,TREVENA INC,Health Care,0
ONCT,ONCTERNAL THERAPEUTICS INC,Health Care,0
OB,OUTBRAIN INC,Communication,0
HMTV,HEMISPHERE MEDIA GROUP INC CLASS A,Communication,0
CLPR,CLIPPER REALTY INC,Real Estate,0
SLDB,SOLID BIOSCIENCES INC,Health Care,0
ATCX,ATLAS TECHNICAL CONSULTANTS INC CL,Industrials,0
WLFC,WILLIS LEASE FINANCE CORP,Industrials,0
SNSE,SENSEI BIOTHERAPEUTICS INC,Health Care,0
MILE,METROMILE INC,Financials,0
SMMT,SUMMIT THERAPEUTICS INC,Health Care,0
STIM,NEURONETICS INC,Health Care,0
GLSI,GREENWICH LIFESCIENCES INC,Health Care,0
ONCR,ONCORUS INC,Health Care,0
HOWL,WEREWOLF THERAPEUTICS INC,Health Care,0
FLNT,FLUENT INC,Communication,0
ARDX,ARDELYX INC,Health Care,0
OMGA,OMEGA THERAPEUTICS INC,Health Care,0
RAIN,RAIN THERAPEUTICS INC,Health Care,0
HBB,HAMILTON BEACH BRANDS HOLDING COMP,Consumer Discretionary,0
SMED,SHARPS COMPLIANCE CORP,Health Care,0
BOLT,BOLT BIOTHERAPEUTICS INC,Health Care,0
CLNN,CLENE,Health Care,0
PBYI,PUMA BIOTECHNOLOGY INC,Health Care,0
DSP,VIANT TECHNOLOGY INC CLASS A,Information Technology,0
UIHC,UNITED INSURANCE HOLDINGS CORP,Financials,0
AKYA,AKOYA BIOSCIENCES INC,Health Care,0
HQI,HIREQUEST INC,Industrials,0
TAST,CARROLS RESTAURANT GROUP INC,Consumer Discretionary,0
HOFV,HALL OF FAME RESORT ENTERTAINMENT,Consumer Discretionary,0
XGN,EXAGEN INC,Health Care,0
BYSI,BEYONDSPRING INC,Health Care,0
EAR,EARGO INC,Health Care,0
EEX,EMERALD HOLDING INC,Communication,0
TLMD,SOC TELEMED INC CLASS A,Health Care,0
MPX,MARINE PRODUCTS CORP,Consumer Discretionary,0
AVTX,AVALO THERAPEUTICS INC,Health Care,0
FTHM,FATHOM HOLDINGS INC,Real Estate,0
NEXI,NEXIMMUNE INC,Health Care,0
CVRX,CVRX INC,Health Care,0
CSSE,CHICKEN SOUP FOR THE SOUL ENTERTAI,Communication,0
CYT,CYTEIR THERAPEUTICS INC,Health Care,0
CNVY,CONVEY HEALTH SOLUTIONS HOLDINGS I,Health Care,0
GBOX,GREENBOX POS,Information Technology,0
KRT,KARAT PACKAGING INC,Industrials,0
LVO,LIVEONE INC,Communication,0
RPID,RAPID MICRO BIOSYSTEMS INC CLASS A,Health Care,0
HYRE,HYRECAR INC,Industrials,0
TERN,TERNS PHARMACEUTICALS INC,Health Care,0
DIBS,1STDIBS COM INC,Consumer Discretionary,0
RXST,RXSIGHT INC,Health Care,0
BCEL,ATRECA INC CLASS A,Health Care,0
TH,TARGET HOSPITALITY CORP,Consumer Discretionary,0
CDZI,CADIZ INC,Utilities,0
IVC,INVACARE CORP,Health Care,0
INZY,INOZYME PHARMA INC,Health Care,0
REV,REVLON INC CLASS A,Consumer Staples,0
ZVIA,ZEVIA CLASS A,Consumer Staples,0
PLM,POLYMET MINING CORP,Materials,0
ESGC,EROS STX GLOBAL CORP CLASS A,Communication,0
LSEA,LANDSEA HOMES CORP,Consumer Discretionary,0
IBEX,IBEX LTD,Information Technology,0
LSF,LAIRD SUPERFOOD INC,Consumer Staples,0
STON,STONEMOR INC,Consumer Discretionary,0
RLYB,RALLYBIO CORP,Health Care,0
KLTR,KALTURA INC,Information Technology,0
FNCH,FINCH THERAPEUTICS GROUP INC,Health Care,0
AC,ASSOCIATED CAPITAL GROUP INC CLASS,Financials,0
BMEA,BIOMEA FUSION INC,Health Care,0
KALA,KALA PHARMACEUTICALS INC,Health Care,0
ELYM,ELIEM THERAPEUTICS INC,Health Care,0
MBII,MARRONE BIO INNOVATIONS INC,Materials,0
HPK,HIGHPEAK ENERGY INC,Energy,0
AFIB,ACUTUS MEDICAL INC,Health Care,0
VHI,VALHI INC,Materials,0
SRT,STARTEK INC,Information Technology,0
ABOS,ACUMEN PHARMACEUTICALS INC,Health Care,0
NL,NL INDUSTRIES INC,Industrials,0
GMTX,GEMINI THERAPEUTICS INC,Health Care,0
NPCE,NEUROPACE INC,Health Care,0
RGS,REGIS CORP,Consumer Discretionary,0
KLDO,KALEIDO BIOSCIENCES INC,Health Care,0
GTBP,GT BIOPHARMA INC,Health Care,0
PRTH,PRIORITY TECHNOLOGY HOLDINGS INC,Information Technology,0
TLIS,TALIS BIOMEDICAL CORP,Health Care,0
BDSX,BIODESIX INC,Health Care,0
ANGN,ANGION BIOMEDICA CORP,Health Care,0
OTRK,ONTRAK INC,Health Care,0
MIRM,MIRUM PHARMACEUTICALS INC,Health Care,0
HOOK,HOOKIPA PHARMA INC,Health Care,0
RFL,RAFAEL HOLDINGS INC CLASS B,Real Estate,0
VALU,VALUE LINE INC,Financials,0
DNAY,CODEX DNA INC,Health Care,0
IMPL,IMPEL NEUROPHARMA INC,Health Care,0
RPHM,RENEO PHARMACEUTICALS INC,Health Care,0
REPX,RILEY EXPLORATION PERMIAN INC,Energy,0
PRTG,PORTAGE BIOTECH INC,Health Care,0
WLLAW,WHITING PETROLEUM EQUITY WARRANTS,Energy,0
CIX,COMPX INTERNATIONAL INC,Industrials,0
SERA,SERA PROGNOSTICS INC CLASS A,Health Care,0
SGTX,SIGILON THERAPEUTICS INC,Health Care,0
ADRO,ADURO BIOTECH CVR,Health Care,0
TISI,TEAM INC,Industrials,0
HMPT,HOME POINT CAPITAL INC,Financials,0
NH,NANTHEALTH INC,Health Care,0
FBRX,FORTE BIOSCIENCES INC,Health Care,0
GNLN,GREENLANE HOLDINGS INC CLASS A,Consumer Discretionary,0
LABP,LANDOS BIOPHARMA INC,Health Care,0
SPRB,SPRUCE BIOSCIENCES INC,Health Care,0
WLLBW,WHITING PETROLEUM EQUITY WARRANTS,Energy,0
MDVL,MEDAVAIL HOLDINGS INC,Consumer Staples,0
DMS,DIGITAL MEDIA SOLUTIONS INC CLASS,Communication,0
PDLI,PDL BIOPHARMA INC,Health Care,0
GTXI,GTXI INC - CVR,Health Care,0
-,RESTRICTED CONTRA FERROGLOBE UNIT,Materials,0
P5N994,Petrocorp Inc Escrow,Financials,0
RTYH2,RUSSELL 2000 EMINI CME MAR 22,Cash and/or Derivatives,0
USD,USD CASH,Cash and/or Derivatives,-0.04
 ,,,
